Workbook

Sheet Info
A3: May Material Bottlenecks hamper the Global Energy Transition towards 1.5°C target?
A6: Simon Schlichenmaiera Tobias Naeglera,*
A8: a Department of Energy Systems Analysis, Institute of Networked Energy Systems, German Aerospace Center (DLR), Stuttgart, Germany
A10: * Corresponding author. Contact: phone: +49 (0)711 6862-775, email: Tobias.Naegler@dlr.de
A13: Acknowledgements
A15: This Reserach was partly founded by the German Federal Ministry of Education and Research (BMBF)
A16: under the project number 03SFK5B0 as part of the project ARIADNE.
A18: The authors thank Tobias Junne (formerly at DLR) for valuable, inspiring discussions.
A19: Thanks also to Thomas Pregger and Sonja Simon (both DLR) for providing the data for the LDF scenario.

Sheet Content & References
C2: Sheet | E2: Reference: | H2: Colourcode:
B3: Data | C3: Framework Data | E3: [1] | F3: USGS - Mineral Commodity Summaries 1996-2020 | H3: calculated here
C4: Data Demand Energy Sector | E4: [2] | F4: USGS - Mineral Yearbook PGM 1994-2017 | H4: value set manually, can be changed
C5: Data Non-Energy Sector | E5: [3] | F5: Johnson Matthey - Market Data Table Iridium 2005-2013 | H5: inter- or extrapolated
B6: Mineral | C6: Cadmium | E6: [4] | F6: Johnson Matthey - PGM Market Report Nov. 2014-Feb.2020 | H6: value is imported from another cell / sheet
C7: Cerium | E7: [5] | F7: https://data.worldbank.org/indicator/NY.GDP.MKTP.PP.KD | H7: statistical data
C8: Cobalt | E8: [6] | F8: https://data.worldbank.org/indicator/NY.GDP.MKTP.KD.ZG | H8: value must not be changed
C9: Dysprosium | E9: [7] | F9: Teske 2019. Achieving the Paris Climate Agreement Goals
C10: Gadolinium | E10: [8] | F10: UNEP 2011. Recycling Rates of Metals: A Status Report
C11: Gallium | E11: [9] | F11: European Commission 2020. Study on the EU's list of Critical Raw Materials (2020) - Critical / Non-Critical Materials Factsheets
C12: Germanium | E12: [10] | F12: Junne et al. 2020. Critical materials in global low-carbon energy scenarios: The case for neodymium, dysprosium, lithium, and cobalt
C13: Indium | E13: [11] | F13: European Commission 2017. COMMUNICATION FROM THE COMMISSION TO THE EUROPEAN PARLIAMENT, THE COUNCIL, THE EUROPEAN ECONOMIC AND SOCIAL COMMITTEE AND THE COMMITTEE OF THE REGIONS - on the 2017 list of Critical Raw Materials for the EU
C14: Iridium | E14: [12] | F14: Zhou et al. 2017. Global Potential of Rare Earth Resources and Rare Earth Demand from Clean Technologies
C15: Lanthanum | E15: [13] | F15: European Commission 2017. Study on the EU's list of Critical Raw Materials (2020) - Critical / Non-Critical Materials Factsheets
C16: Lithium | E16: [14] | F16: The Application of Zirconium Products (samaterials.com)
C17: Manganese | E17: [15] | F17: Harper et al. 2011. Tracking the Metal of the Goblins: Cobalt's Cycle of Use
C18: Neodymium | E18: [16] | F18: Binnemans et al. 2013. Recycling of rare eraths; a critical review
C19: Nickel | E19: [17] | F19: Angerer et al. 2009. Lithium für Zukunftstechnologien - Nachfrage und Angebot unter besonderer Berücksichtigung der Elektromobilität
C20: Platinum | E20: [18] | F20: Schulze & Buchert 2016. Estimates of global REE recycling potentials from NdFeB magnet material
... C23: Selenium | E23: [21] | F23: Nassar et al. 2012. Criticality of the Geological Copper Family
C24: Silver
C25: Strontium
C26: Sulfur
C27: Tellurium
C28: Vanadium
C29: Yttrium
C30: Zirconium

Sheet Framework Data
A1: Production and Demand Values
B3: in t/a | C3: Reference | D3: 1990 | E3: 1991 | F3: 1992 | G3: 1993 | H3: 1994 | I3: 1995 | J3: 1996 | K3: 1997 | L3: 1998 | M3: 1999 | N3: 2000 | O3: 2001 | P3: 2002 | Q3: 2003 | R3: 2004 | S3: 2005 | T3: 2006 | U3: 2007 | V3: 2008 | W3: 2009 | X3: 2010 | Y3: 2011 | Z3: 2012 | AA3: 2013 | AB3: 2014 | AC3: 2015 | AD3: 2016 | AE3: 2017 | AF3: 2018 | AG3: 2019
A4: Cadmium | B4: Production | C4: [1] | H4: 18100 | I4: 18500 | J4: 18900 | K4: 20000 | L4: 19600 | M4: 19100 | N4: 19700 | O4: 18200 | P4: 15800 | Q4: 16900 | R4: 18800 | S4: 19400 | T4: 19300 | U4: 20400 | V4: 19600 | W4: 18800 | X4: 21100 | Y4: 22200 | Z4: 20900 | AA4: 22000 | AB4: 22400 | AC4: 23200 | AD4: 23900 | AE4: 25400 | AF4: 25100 | AG4: 25000
B5: Demand Energy Sector | D5: ='Data_Demand-Energy-Sector'!D29 -> 0 | E5: ='Data_Demand-Energy-Sector'!E29 -> 19.490674 | F5: ='Data_Demand-Energy-Sector'!F29 -> 19.490674 | G5: ='Data_Demand-Energy-Sector'!G29 -> 19.490674 | H5: ='Data_Demand-Energy-Sector'!H29 -> 19.490674 | I5: ='Data_Demand-Energy-Sector'!I29 -> 19.490674 | J5: ='Data_Demand-Energy-Sector'!J29 -> 19.490674 | K5: ='Data_Demand-Energy-Sector'!K29 -> 19.490674 | ... AG5: ='Data_Demand-Energy-Sector'!AG29 -> 127.15312
A6: Cerium | B6: Demand Energy Sector | D6: ='Data_Demand-Energy-Sector'!D34 -> 0 | E6: ='Data_Demand-Energy-Sector'!E34 -> 9.7699912e-08 | F6: ='Data_Demand-Energy-Sector'!F34 -> 9.7699912e-08 | G6: ='Data_Demand-Energy-Sector'!G34 -> 9.7699912e-08 | H6: ='Data_Demand-Energy-Sector'!H34 -> 9.7699912e-08 | I6: ='Data_Demand-Energy-Sector'!I34 -> 9.7699912e-08 | J6: ='Data_Demand-Energy-Sector'!J34 -> 9.7699912e-08 | K6: ='Data_Demand-Energy-Sector'!K34 -> 9.7699912e-08 | ... AG6: ='Data_Demand-Energy-Sector'!AG34 -> 0.080765855
A7: Cobalt | B7: Production | C7: [1] | H7: 18500 | I7: 22100 | J7: 27000 | K7: 27000 | L7: 26300 | M7: 29900 | N7: 33300 | O7: 36700 | P7: 47600 | Q7: 48400 | R7: 52400 | S7: 57900 | T7: 67500 | U7: 65500 | V7: 75900 | W7: 72300 | X7: 89500 | Y7: 109000 | Z7: 103000 | AA7: 110000 | AB7: 123000 | AC7: 126000 | AD7: 111000 | AE7: 120000 | AF7: 148000 | AG7: 140000
B8: Demand Energy Sector | D8: ='Data_Demand-Energy-Sector'!D51 -> 0 | E8: ='Data_Demand-Energy-Sector'!E51 -> 523.49608 | F8: ='Data_Demand-Energy-Sector'!F51 -> 523.49608 | G8: ='Data_Demand-Energy-Sector'!G51 -> 523.49608 | H8: ='Data_Demand-Energy-Sector'!H51 -> 523.49608 | I8: ='Data_Demand-Energy-Sector'!I51 -> 523.49608 | J8: ='Data_Demand-Energy-Sector'!J51 -> 523.49608 | K8: ='Data_Demand-Energy-Sector'!K51 -> 523.49608 | ... AG8: ='Data_Demand-Energy-Sector'!AG51 -> 24883.839
A9: Dysprosium | B9: Demand Energy Sector | D9: ='Data_Demand-Energy-Sector'!D64 -> 0 | E9: ='Data_Demand-Energy-Sector'!E64 -> 0 | F9: ='Data_Demand-Energy-Sector'!F64 -> 0 | G9: ='Data_Demand-Energy-Sector'!G64 -> 0 | H9: ='Data_Demand-Energy-Sector'!H64 -> 0 | I9: ='Data_Demand-Energy-Sector'!I64 -> 0 | J9: ='Data_Demand-Energy-Sector'!J64 -> 0 | K9: ='Data_Demand-Energy-Sector'!K64 -> 0 | ... AG9: ='Data_Demand-Energy-Sector'!AG64 -> 670.17444
A10: Gadolinium | B10: Demand Energy Sector | D10: ='Data_Demand-Energy-Sector'!D69 -> 0 | E10: ='Data_Demand-Energy-Sector'!E69 -> 2.1527099e-08 | F10: ='Data_Demand-Energy-Sector'!F69 -> 2.1527099e-08 | G10: ='Data_Demand-Energy-Sector'!G69 -> 2.1527099e-08 | H10: ='Data_Demand-Energy-Sector'!H69 -> 2.1527099e-08 | I10: ='Data_Demand-Energy-Sector'!I69 -> 2.1527099e-08 | J10: ='Data_Demand-Energy-Sector'!J69 -> 2.1527099e-08 | K10: ='Data_Demand-Energy-Sector'!K69 -> 2.1527099e-08 | ... AG10: ='Data_Demand-Energy-Sector'!AG69 -> 0.012848215
A11: Gallium | B11: Production | C11: [1] | I11: 35 | J11: 63 | K11: 54 | L11: 60 | M11: 75 | N11: 100 | O11: 75 | P11: 61 | Q11: 64 | R11: 69 | S11: 63 | T11: 69 | U11: 80 | V11: 95 | W11: 79 | X11: 182 | Y11: 292 | Z11: 383 | AA11: 350 | AB11: 435 | AC11: 470 | AD11: 274 | AE11: 320 | AF11: 413 | AG11: 320
B12: Demand Energy Sector | D12: ='Data_Demand-Energy-Sector'!D72 -> 0 | E12: ='Data_Demand-Energy-Sector'!E72 -> 0.10111533 | F12: ='Data_Demand-Energy-Sector'!F72 -> 0.10111533 | G12: ='Data_Demand-Energy-Sector'!G72 -> 0.10111533 | H12: ='Data_Demand-Energy-Sector'!H72 -> 0.10111533 | I12: ='Data_Demand-Energy-Sector'!I72 -> 0.10111533 | J12: ='Data_Demand-Energy-Sector'!J72 -> 0.10111533 | K12: ='Data_Demand-Energy-Sector'!K72 -> 0.10111533 | ... AG12: ='Data_Demand-Energy-Sector'!AG72 -> 11.590304
A13: Germanium | B13: Production | C13: [1] | H13: 50 | I13: 45 | J13: 53 | K13: 63 | L13: 56 | M13: 58 | N13: 71 | O13: 68 | P13: 50 | Q13: 44 | R13: 87 | S13: 90 | T13: 90 | U13: 100 | V13: 140 | W13: 120 | X13: 118 | Y13: 118 | Z13: 150 | AA13: 155 | AB13: 165 | AC13: 160 | AD13: 126 | AE13: 106 | AF13: 130 | AG13: 130
B14: Demand Energy Sector | D14: ='Data_Demand-Energy-Sector'!D75 -> 0 | E14: ='Data_Demand-Energy-Sector'!E75 -> 1.8508816 | F14: ='Data_Demand-Energy-Sector'!F75 -> 1.8508816 | G14: ='Data_Demand-Energy-Sector'!G75 -> 1.8508816 | H14: ='Data_Demand-Energy-Sector'!H75 -> 1.8508816 | I14: ='Data_Demand-Energy-Sector'!I75 -> 1.8508816 | J14: ='Data_Demand-Energy-Sector'!J75 -> 1.8508816 | K14: ='Data_Demand-Energy-Sector'!K75 -> 1.8508816 | ... AG14: ='Data_Demand-Energy-Sector'!AG75 -> 45.310701
A15: Indium | B15: Production | C15: [1] | H15: 145 | I15: 239 | J15: 200 | K15: 230 | L15: 230 | M15: 215 | N15: 335 | O15: 345 | P15: 335 | Q15: 370 | R15: 405 | S15: 500 | T15: 580 | U15: 563 | V15: 570 | W15: 546 | X15: 609 | Y15: 662 | Z15: 782 | AA15: 799 | AB15: 844 | AC15: 759 | AD15: 680 | AE15: 714 | AF15: 741 | AG15: 760
B16: Demand Energy Sector | D16: ='Data_Demand-Energy-Sector'!D80 -> 0 | E16: ='Data_Demand-Energy-Sector'!E80 -> 47.077765 | F16: ='Data_Demand-Energy-Sector'!F80 -> 47.077765 | G16: ='Data_Demand-Energy-Sector'!G80 -> 47.077765 | H16: ='Data_Demand-Energy-Sector'!H80 -> 47.077765 | I16: ='Data_Demand-Energy-Sector'!I80 -> 47.077765 | J16: ='Data_Demand-Energy-Sector'!J80 -> 47.077765 | K16: ='Data_Demand-Energy-Sector'!K80 -> 47.077765 | ... AG16: ='Data_Demand-Energy-Sector'!AG80 -> 89.311567
A17: Iridium | B17: Production PGM | C17: [2] | D17: 291 | E17: 288 | F17: 282 | G17: 275 | H17: 269 | I17: 287 | J17: 283 | K17: 281 | L17: 348 | M17: 376 | N17: 378 | O17: 408 | P17: 414 | Q17: 452 | R17: 492 | S17: 510 | T17: 513 | U17: 512 | V17: 460 | W17: 449 | X17: 466 | Y17: 487 | Z17: 423 | AA17: 455 | AB17: 391 | AC17: 478 | AD17: 467 | AE17: 489
B18: Total Demand | C18: [3, 4] | S18: 4 | T18: 4.1 | U18: 3.2 | V18: 3.2 | W18: 2.4 | X18: 10.6 | Y18: 10.4 | Z18: 6.1 | AA18: 5.9 | AB18: 5.9 | AC18: 6.9 | AD18: 7.8 | AE18: 7 | AF18: 6.8 | AG18: 8.2
B19: Demand Energy Sector | D19: ='Data_Demand-Energy-Sector'!D83 -> 0 | E19: ='Data_Demand-Energy-Sector'!E83 -> 0 | F19: ='Data_Demand-Energy-Sector'!F83 -> 0 | G19: ='Data_Demand-Energy-Sector'!G83 -> 0 | H19: ='Data_Demand-Energy-Sector'!H83 -> 0 | I19: ='Data_Demand-Energy-Sector'!I83 -> 0 | J19: ='Data_Demand-Energy-Sector'!J83 -> 0 | K19: ='Data_Demand-Energy-Sector'!K83 -> 0 | ... AG19: ='Data_Demand-Energy-Sector'!AG83 -> 0.30336703
A20: Lanthanum | B20: Demand Energy Sector | D20: ='Data_Demand-Energy-Sector'!D90 -> 0 | E20: ='Data_Demand-Energy-Sector'!E90 -> 4.0404709e-07 | F20: ='Data_Demand-Energy-Sector'!F90 -> 4.0404709e-07 | G20: ='Data_Demand-Energy-Sector'!G90 -> 4.0404709e-07 | H20: ='Data_Demand-Energy-Sector'!H90 -> 4.0404709e-07 | I20: ='Data_Demand-Energy-Sector'!I90 -> 4.0404709e-07 | J20: ='Data_Demand-Energy-Sector'!J90 -> 4.0404709e-07 | K20: ='Data_Demand-Energy-Sector'!K90 -> 4.0404709e-07 | ... AG20: ='Data_Demand-Energy-Sector'!AG90 -> 0.32992019
A21: Lithium | B21: Production | C21: [1] | H21: 6100 | I21: 6300 | J21: 11000 | K21: 14000 | L21: 15000 | M21: 14000 | N21: 14000 | O21: 15100 | P21: 14200 | Q21: 15100 | R21: 20200 | S21: 20600 | T21: 23500 | U21: 25800 | V21: 25400 | W21: 18800 | X21: 28100 | Y21: 34100 | Z21: 35000 | AA21: 34000 | AB21: 31700 | AC21: 31500 | AD21: 38000 | AE21: 69000 | AF21: 95000 | AG21: 86000
B22: Demand Energy Sector | D22: ='Data_Demand-Energy-Sector'!D101 -> 0 | E22: ='Data_Demand-Energy-Sector'!E101 -> 373.933 | F22: ='Data_Demand-Energy-Sector'!F101 -> 373.933 | G22: ='Data_Demand-Energy-Sector'!G101 -> 373.933 | H22: ='Data_Demand-Energy-Sector'!H101 -> 373.933 | I22: ='Data_Demand-Energy-Sector'!I101 -> 373.933 | J22: ='Data_Demand-Energy-Sector'!J101 -> 373.933 | K22: ='Data_Demand-Energy-Sector'!K101 -> 373.933 | ... AG22: ='Data_Demand-Energy-Sector'!AG101 -> 22672.341
A23: Manganese | B23: Production | C23: [1] | H23: 7190000 | I23: 7580000 | J23: 7730000 | K23: 7680000 | L23: 7040000 | M23: 6990000 | N23: 7280000 | O23: 7600000 | P23: 8100000 | Q23: 8200000 | R23: 9350000 | S23: 10500000 | T23: 11900000 | U23: 12600000 | V23: 13300000 | W23: 10800000 | X23: 13900000 | Y23: 16000000 | Z23: 15800000 | AA23: 16900000 | AB23: 17800000 | AC23: 17500000 | AD23: 15700000 | AE23: 17300000 | AF23: 18900000 | AG23: 19000000
B24: Demand Energy Sector | D24: ='Data_Demand-Energy-Sector'!D128 -> 0 | E24: ='Data_Demand-Energy-Sector'!E128 -> 5085.0915 | F24: ='Data_Demand-Energy-Sector'!F128 -> 5085.0915 | G24: ='Data_Demand-Energy-Sector'!G128 -> 5085.0915 | H24: ='Data_Demand-Energy-Sector'!H128 -> 5085.0915 | I24: ='Data_Demand-Energy-Sector'!I128 -> 5085.0915 | J24: ='Data_Demand-Energy-Sector'!J128 -> 5085.0915 | K24: ='Data_Demand-Energy-Sector'!K128 -> 5085.0915 | ... AG24: ='Data_Demand-Energy-Sector'!AG128 -> 129237.62
A25: Neodymium | B25: Demand Energy Sector | D25: ='Data_Demand-Energy-Sector'!D141 -> 0 | E25: ='Data_Demand-Energy-Sector'!E141 -> 0 | F25: ='Data_Demand-Energy-Sector'!F141 -> 0 | G25: ='Data_Demand-Energy-Sector'!G141 -> 0 | H25: ='Data_Demand-Energy-Sector'!H141 -> 0 | I25: ='Data_Demand-Energy-Sector'!I141 -> 0 | J25: ='Data_Demand-Energy-Sector'!J141 -> 0 | K25: ='Data_Demand-Energy-Sector'!K141 -> 0 | ... AG25: ='Data_Demand-Energy-Sector'!AG141 -> 1838.3601
A26: Nickel | B26: Production | C26: [1] | H26: 906000 | I26: 1040000 | J26: 1080000 | K26: 1120000 | L26: 1140000 | M26: 1120000 | N26: 1250000 | O26: 1330000 | P26: 1340000 | Q26: 1400000 | R26: 1400000 | S26: 1490000 | T26: 1580000 | U26: 1660000 | V26: 1570000 | W26: 1400000 | X26: 1590000 | Y26: 1940000 | Z26: 2220000 | AA26: 2630000 | AB26: 2450000 | AC26: 2280000 | AD26: 2090000 | AE26: 2160000 | AF26: 2400000 | AG26: 2700000
B27: Demand Energy Sector | D27: ='Data_Demand-Energy-Sector'!D172 -> 0 | E27: ='Data_Demand-Energy-Sector'!E172 -> 25521.964 | F27: ='Data_Demand-Energy-Sector'!F172 -> 25521.964 | G27: ='Data_Demand-Energy-Sector'!G172 -> 25521.964 | H27: ='Data_Demand-Energy-Sector'!H172 -> 25521.964 | I27: ='Data_Demand-Energy-Sector'!I172 -> 25521.964 | J27: ='Data_Demand-Energy-Sector'!J172 -> 25521.964 | K27: ='Data_Demand-Energy-Sector'!K172 -> 25521.964 | ... AG27: ='Data_Demand-Energy-Sector'!AG172 -> 91022.324
A28: Platinum | B28: Production | C28: [1] | H28: 128 | I28: 145 | J28: 146 | K28: 154 | L28: 146 | M28: 169 | N28: 155 | O28: 160 | P28: 184 | Q28: 205 | R28: 214 | S28: 217 | T28: 221 | U28: 213 | V28: 189 | W28: 181 | X28: 192 | Y28: 195 | Z28: 183 | AA28: 183 | AB28: 147 | AC28: 189 | AD28: 191 | AE28: 199 | AF28: 190 | AG28: 180
B29: Demand Energy Sector | D29: ='Data_Demand-Energy-Sector'!D179 -> 0 | E29: ='Data_Demand-Energy-Sector'!E179 -> 2.1297587e-07 | F29: ='Data_Demand-Energy-Sector'!F179 -> 2.1297587e-07 | G29: ='Data_Demand-Energy-Sector'!G179 -> 2.1297587e-07 | H29: ='Data_Demand-Energy-Sector'!H179 -> 2.1297587e-07 | I29: ='Data_Demand-Energy-Sector'!I179 -> 2.1297587e-07 | J29: ='Data_Demand-Energy-Sector'!J179 -> 2.1297587e-07 | K29: ='Data_Demand-Energy-Sector'!K179 -> 2.1297587e-07 | ... AG29: ='Data_Demand-Energy-Sector'!AG179 -> 0.16974883
A30: Potassium | B30: Production | C30: [1] | H30: 18675000 | I30: 20169000 | J30: 19256000 | K30: 21331000 | L30: 20833000 | M30: 21331000 | N30: 20999000 | O30: 21912000 | P30: 21829000 | Q30: 23572000 | R30: 23987000 | S30: 25813000 | T30: 24153000 | U30: 28723000 | V30: 29055000 | W30: 17264000 | X30: 27971000 | Y30: 30212000 | Z30: 27141000 | AA30: 28635000 | AB30: 32204000 | AC30: 33781000 | AD30: 32619000 | AE30: 34362000 | AF30: 35945000 | AG30: 34000000
B31: Demand Energy Sector | D31: ='Data_Demand-Energy-Sector'!D188 -> 0 | E31: ='Data_Demand-Energy-Sector'!E188 -> 0.00055430174 | F31: ='Data_Demand-Energy-Sector'!F188 -> 0.00055430174 | G31: ='Data_Demand-Energy-Sector'!G188 -> 0.00055430174 | H31: ='Data_Demand-Energy-Sector'!H188 -> 0.00055430174 | I31: ='Data_Demand-Energy-Sector'!I188 -> 0.00055430174 | J31: ='Data_Demand-Energy-Sector'!J188 -> 0.00055430174 | K31: ='Data_Demand-Energy-Sector'!K188 -> 0.00055430174 | ... AG31: ='Data_Demand-Energy-Sector'!AG188 -> 132026.37
A32: REE | B32: Production | C32: [1] | H32: 64500 | I32: 79900 | J32: 84800 | K32: 79700 | L32: 76600 | M32: 82000 | N32: 83500 | O32: 83500 | P32: 98300 | Q32: 99100 | R32: 102000 | S32: 123000 | T32: 123000 | U32: 124000 | V32: 124000 | W32: 133000 | X32: 133000 | Y32: 111000 | Z32: 110000 | AA32: 110000 | AB32: 123000 | AC32: 130000 | AD32: 129000 | AE32: 132000 | AF32: 190000 | AG32: 210000
A33: Scandium | B33: Production | C33: [1] | H33: 3.8 | AA33: 6.5 | AC33: 8.1 | AD33: 8.1 | AE33: 8.1 | AG33: 11.41
B34: Demand Energy Sector | D34: ='Data_Demand-Energy-Sector'!D195 -> 0 | E34: ='Data_Demand-Energy-Sector'!E195 -> 3.8086406e-08 | F34: ='Data_Demand-Energy-Sector'!F195 -> 3.8086406e-08 | G34: ='Data_Demand-Energy-Sector'!G195 -> 3.8086406e-08 | H34: ='Data_Demand-Energy-Sector'!H195 -> 3.8086406e-08 | I34: ='Data_Demand-Energy-Sector'!I195 -> 3.8086406e-08 | J34: ='Data_Demand-Energy-Sector'!J195 -> 3.8086406e-08 | K34: ='Data_Demand-Energy-Sector'!K195 -> 3.8086406e-08 | ... AG34: ='Data_Demand-Energy-Sector'!AG195 -> 0.022731457
A35: Selenium | B35: Production | C35: [1] | H35: 1880 | I35: 2070 | J35: 2150 | K35: 1640 | L35: 1450 | M35: 1480 | N35: 1410 | O35: 1580 | P35: 1510 | Q35: 1430 | R35: 1330 | S35: 1390 | T35: 1540 | U35: 1560 | V35: 1510 | W35: 2280 | X35: 2120 | Y35: 1980 | Z35: 2000 | AA35: 2334 | AB35: 2310 | AC35: 2200 | AD35: 3270 | AE35: 2710 | AF35: 2810 | AG35: 2800
B36: Demand Energy Sector | D36: ='Data_Demand-Energy-Sector'!D198 -> 0 | E36: ='Data_Demand-Energy-Sector'!E198 -> 0.13945703 | F36: ='Data_Demand-Energy-Sector'!F198 -> 0.13945703 | G36: ='Data_Demand-Energy-Sector'!G198 -> 0.13945703 | H36: ='Data_Demand-Energy-Sector'!H198 -> 0.13945703 | I36: ='Data_Demand-Energy-Sector'!I198 -> 0.13945703 | J36: ='Data_Demand-Energy-Sector'!J198 -> 0.13945703 | K36: ='Data_Demand-Energy-Sector'!K198 -> 0.13945703 | ... AG36: ='Data_Demand-Energy-Sector'!AG198 -> 100.78355
A37: Silver | B37: Production | C37: [1] | H37: 13900 | I37: 14600 | J37: 15200 | K37: 16400 | L37: 16400 | M37: 17700 | N37: 17700 | O37: 18700 | P37: 20000 | Q37: 18800 | R37: 19700 | S37: 19300 | T37: 20200 | U37: 20800 | V37: 21300 | W37: 21800 | X37: 23100 | Y37: 23300 | Z37: 25500 | AA37: 26000 | AB37: 26800 | AC37: 25100 | AD37: 25700 | AE37: 26800 | AF37: 26900 | AG37: 27000
B38: Demand Energy Sector | D38: ='Data_Demand-Energy-Sector'!D205 -> 0 | E38: ='Data_Demand-Energy-Sector'!E205 -> 222.26012 | F38: ='Data_Demand-Energy-Sector'!F205 -> 222.26012 | G38: ='Data_Demand-Energy-Sector'!G205 -> 222.26012 | H38: ='Data_Demand-Energy-Sector'!H205 -> 222.26012 | I38: ='Data_Demand-Energy-Sector'!I205 -> 222.26012 | J38: ='Data_Demand-Energy-Sector'!J205 -> 222.26012 | K38: ='Data_Demand-Energy-Sector'!K205 -> 222.26012 | ... AG38: ='Data_Demand-Energy-Sector'!AG205 -> 2622.0875
A39: Strontium | B39: Production | C39: [1] | H39: 180000 | I39: 170000 | J39: 330000 | K39: 340000 | L39: 311000 | M39: 304000 | N39: 520000 | O39: 370000 | P39: 390000 | Q39: 470000 | R39: 551000 | S39: 494000 | T39: 585000 | U39: 511000 | V39: 496000 | W39: 402000 | X39: 405000 | Y39: 375000 | Z39: 228000 | AA39: 333000 | AB39: 343000 | AC39: 354000 | AD39: 202000 | AE39: 255000 | AF39: 220000 | AG39: 220000
B40: Demand Energy Sector | D40: ='Data_Demand-Energy-Sector'!D212 -> 0 | E40: ='Data_Demand-Energy-Sector'!E212 -> 5.5804865e-08 | F40: ='Data_Demand-Energy-Sector'!F212 -> 5.5804865e-08 | G40: ='Data_Demand-Energy-Sector'!G212 -> 5.5804865e-08 | H40: ='Data_Demand-Energy-Sector'!H212 -> 5.5804865e-08 | I40: ='Data_Demand-Energy-Sector'!I212 -> 5.5804865e-08 | J40: ='Data_Demand-Energy-Sector'!J212 -> 5.5804865e-08 | K40: ='Data_Demand-Energy-Sector'!K212 -> 5.5804865e-08 | ... AG40: ='Data_Demand-Energy-Sector'!AG212 -> 0.033306526
A41: Sulfur | B41: Production | C41: [1] | H41: 51000000 | I41: 54300000 | J41: 52400000 | K41: 53600000 | L41: 57800000 | M41: 57100000 | N41: 57200000 | O41: 57300000 | P41: 57700000 | Q41: 61800000 | R41: 64100000 | S41: 66000000 | T41: 65700000 | U41: 68400000 | V41: 69600000 | W41: 67900000 | X41: 68100000 | Y41: 70500000 | Z41: 68100000 | AA41: 70400000 | AB41: 70000000 | AC41: 69400000 | AD41: 83000000 | AE41: 80200000 | AF41: 79400000 | AG41: 79000000
B42: Demand Energy Sector | D42: ='Data_Demand-Energy-Sector'!D223 -> 0 | E42: ='Data_Demand-Energy-Sector'!E223 -> 258.2416 | F42: ='Data_Demand-Energy-Sector'!F223 -> 258.2416 | G42: ='Data_Demand-Energy-Sector'!G223 -> 258.2416 | H42: ='Data_Demand-Energy-Sector'!H223 -> 258.2416 | I42: ='Data_Demand-Energy-Sector'!I223 -> 258.2416 | J42: ='Data_Demand-Energy-Sector'!J223 -> 258.2416 | K42: ='Data_Demand-Energy-Sector'!K223 -> 258.2416 | ... AG42: ='Data_Demand-Energy-Sector'!AG223 -> 342.41074
A43: Tellurium | B43: Production | C43: [1] | AD43: 410 | AE43: 470 | AF43: 460 | AG43: 470
B44: Production w/o China | C44: [1] | H44: 94 | I44: 109 | J44: 129 | K44: 89 | L44: 115 | M44: 124 | N44: 125 | O44: 141 | P44: 94 | Q44: 93 | R44: 93 | S44: 119 | T44: 132 | U44: 41 | V44: 89 | W44: 118 | X44: 122 | Y44: 80 | Z44: 91 | AA44: 95 | AB44: 104 | AC44: 114 | AD44: 129 | AE44: 178 | AF44: 181 | AG44: 180
B45: Demand Energy Sector | D45: ='Data_Demand-Energy-Sector'!D226 -> 0 | E45: ='Data_Demand-Energy-Sector'!E226 -> 0 | F45: ='Data_Demand-Energy-Sector'!F226 -> 0 | G45: ='Data_Demand-Energy-Sector'!G226 -> 0 | H45: ='Data_Demand-Energy-Sector'!H226 -> 0 | I45: ='Data_Demand-Energy-Sector'!I226 -> 0 | J45: ='Data_Demand-Energy-Sector'!J226 -> 0 | K45: ='Data_Demand-Energy-Sector'!K226 -> 0 | ... AG45: ='Data_Demand-Energy-Sector'!AG226 -> 129.65215
A46: Vanadium | B46: Production | C46: [1] | H46: 33900 | I46: 33700 | J46: 35100 | K46: 37100 | L46: 41800 | M46: 42800 | N46: 43000 | O46: 58000 | P46: 60000 | Q46: 41000 | R46: 40200 | S46: 58200 | T46: 55700 | U46: 58500 | V46: 55500 | W46: 53500 | X46: 57600 | Y46: 62400 | Z46: 74000 | AA46: 79000 | AB46: 82700 | AC46: 77800 | AD46: 79000 | AE46: 71200 | AF46: 71200 | AG46: 73000
B47: Demand Energy Sector | D47: ='Data_Demand-Energy-Sector'!D253 -> 0 | E47: ='Data_Demand-Energy-Sector'!E253 -> 682.88914 | F47: ='Data_Demand-Energy-Sector'!F253 -> 682.88914 | G47: ='Data_Demand-Energy-Sector'!G253 -> 682.88914 | H47: ='Data_Demand-Energy-Sector'!H253 -> 682.88914 | I47: ='Data_Demand-Energy-Sector'!I253 -> 682.88914 | J47: ='Data_Demand-Energy-Sector'!J253 -> 682.88914 | K47: ='Data_Demand-Energy-Sector'!K253 -> 682.88914 | ... AG47: ='Data_Demand-Energy-Sector'!AG253 -> 2864.0748
A48: Yttrium | B48: Production (Y2O3) | C48: [1] | H48: 730 | I48: 1450 | J48: 1600 | K48: 2370 | L48: 2400 | M48: 2400 | N48: 2400 | O48: 2400 | P48: 2400 | Q48: 2400 | R48: 2400 | S48: 6080 | T48: 8900 | U48: 8900 | V48: 8900 | W48: 8900 | X48: 8900 | Y48: 8900 | Z48: 7100 | AA48: 7000 | AB48: 9000 | AC48: 6000 | AD48: 6000 | AE48: 6000 | AF48: 12000 | AG48: 12000
B49: Demand Energy Sector | D49: ='Data_Demand-Energy-Sector'!D266 -> 0 | E49: ='Data_Demand-Energy-Sector'!E266 -> 19.487223 | F49: ='Data_Demand-Energy-Sector'!F266 -> 19.487223 | G49: ='Data_Demand-Energy-Sector'!G266 -> 19.487223 | H49: ='Data_Demand-Energy-Sector'!H266 -> 19.487223 | I49: ='Data_Demand-Energy-Sector'!I266 -> 19.487223 | J49: ='Data_Demand-Energy-Sector'!J266 -> 19.487223 | K49: ='Data_Demand-Energy-Sector'!K266 -> 19.487223 | ... AG49: ='Data_Demand-Energy-Sector'!AG266 -> 6.3250042
A50: Zirconium | B50: Production | C50: [1] | H50: 890000 | I50: 897000 | J50: 857000 | K50: 926000 | L50: 814000 | M50: 940000 | N50: 1040000 | O50: 900000 | P50: 830000 | Q50: 860000 | R50: 850000 | S50: 880000 | T50: 1180000 | U50: 1430000 | V50: 1280000 | W50: 1160000 | X50: 1250000 | Y50: 1620000 | Z50: 1460000 | AA50: 1510000 | AB50: 1420000 | AC50: 1520000 | AD50: 1320000 | AE50: 1550000 | AF50: 1480000 | AG50: 1036500
B51: Demand Energy Sector | D51: ='Data_Demand-Energy-Sector'!D275 -> 0 | E51: ='Data_Demand-Energy-Sector'!E275 -> 798.97624 | F51: ='Data_Demand-Energy-Sector'!F275 -> 798.97624 | G51: ='Data_Demand-Energy-Sector'!G275 -> 798.97624 | H51: ='Data_Demand-Energy-Sector'!H275 -> 798.97624 | I51: ='Data_Demand-Energy-Sector'!I275 -> 798.97624 | J51: ='Data_Demand-Energy-Sector'!J275 -> 798.97624 | K51: ='Data_Demand-Energy-Sector'!K275 -> 798.97624 | ... AG51: ='Data_Demand-Energy-Sector'!AG275 -> 279.63017
A54: Economic Values
B56: unit | C56: Reference | D56: 1990 | E56: 1991 | F56: 1992 | G56: 1993 | H56: 1994 | I56: 1995 | J56: 1996 | K56: 1997 | L56: 1998 | M56: 1999 | N56: 2000 | O56: 2001 | P56: 2002 | Q56: 2003 | R56: 2004 | S56: 2005 | T56: 2006 | U56: 2007 | V56: 2008 | W56: 2009 | X56: 2010 | Y56: 2011 | Z56: 2012 | AA56: 2013 | AB56: 2014 | AC56: 2015 | AD56: 2016 | AE56: 2017 | AF56: 2018 | AG56: 2019 | AH56: 2020 | AI56: 2021 | AJ56: 2022 | AK56: 2023 | AL56: 2024 | AM56: 2025 | AN56: 2026 | AO56: 2027 | AP56: 2028 | AQ56: 2029 | AR56: 2030 | AS56: 2031 | AT56: 2032 | AU56: 2033 | AV56: 2034 | AW56: 2035 | AX56: 2036 | AY56: 2037 | AZ56: 2038 | BA56: 2039 | BB56: 2040 | BC56: 2041 | BD56: 2042 | BE56: 2043 | BF56: 2044 | BG56: 2045 | BH56: 2046 | BI56: 2047 | BJ56: 2048 | BK56: 2049 | BL56: 2050 | BM56: 2051 | BN56: 2052 | BO56: 2053 | BP56: 2054 | BQ56: 2055 | BR56: 2056 | BS56: 2057 | BT56: 2058 | BU56: 2059 | BV56: 2060 | BW56: 2061 | BX56: 2062 | BY56: 2063 | BZ56: 2064 | CA56: 2065 | CB56: 2066 | CC56: 2067 | CD56: 2068 | CE56: 2069 | CF56: 2070 | CG56: 2071 | CH56: 2072 | CI56: 2073 | CJ56: 2074 | CK56: 2075 | CL56: 2076 | CM56: 2077 | CN56: 2078 | CO56: 2079 | CP56: 2080 | CQ56: 2081 | CR56: 2082 | CS56: 2083 | CT56: 2084 | CU56: 2085 | CV56: 2086 | CW56: 2087 | CX56: 2088 | CY56: 2089 | CZ56: 2090 | DA56: 2091 | DB56: 2092 | DC56: 2093 | DD56: 2094 | DE56: 2095 | DF56: 2096 | DG56: 2097 | DH56: 2098 | DI56: 2099 | DJ56: 2100
A57: GDP, PPP | B57: Int$ | C57: [5] | D57: 5.0950509e+13 | E57: 5.1647195e+13 | F57: 5.2470668e+13 | G57: 5.3337589e+13 | H57: 5.4833949e+13 | I57: 5.6562297e+13 | J57: 5.8705719e+13 | K57: 6.0986321e+13 | L57: 6.2501121e+13 | M57: 6.4690042e+13 | N57: 6.7746249e+13 | O57: 6.9316443e+13 | P57: 7.1196117e+13 | Q57: 7.3854266e+13 | R57: 7.7602967e+13 | S57: 8.1143163e+13 | T57: 8.5317813e+13 | U57: 8.9736479e+13 | V57: 9.213708e+13 | W57: 9.1525864e+13 | X57: 9.614843e+13 | Y57: 9.9863602e+13 | Z57: 1.0302667e+14 | AA57: 1.0642336e+14 | AB57: 1.1009987e+14 | AC57: 1.1382905e+14 | AD57: 1.1752721e+14 | AE57: 1.2197448e+14 | AF57: 1.2631486e+14 | AG57: 1.2979685e+14
A58: GDP, PPP - "High" | B58: Int$ | AG58: =AF$57*(1+AG61) -> 1.3035694e+14 | AH58: =AG58*(1+AH61) -> 1.3452836e+14 | AI58: =AH58*(1+AI61) -> 1.3883327e+14 | AJ58: =AI58*(1+AJ61) -> 1.4327593e+14 | AK58: =AJ58*(1+AK61) -> 1.4786076e+14 | AL58: =AK58*(1+AL61) -> 1.5259231e+14 | AM58: =AL58*(1+AM61) -> 1.5747526e+14 | AN58: =AM58*(1+AN61) -> 1.6251447e+14 | AO58: =AN58*(1+AO61) -> 1.6771493e+14 | ... DJ58: =DI58*(1+DJ61) -> 1.6718204e+15
A59: GDP, PPP - "Low" | B59: Int$ | AG59: =AF$57*(1+AG62) -> 1.3035694e+14 | AH59: =AG59*(1+AH62) -> 1.3452836e+14 | AI59: =AH59*(1+AI62) -> 1.3883327e+14 | AJ59: =AI59*(1+AJ62) -> 1.4327593e+14 | AK59: =AJ59*(1+AK62) -> 1.4786076e+14 | AL59: =AK59*(1+AL62) -> 1.5259231e+14 | AM59: =AL59*(1+AM62) -> 1.5747526e+14 | AN59: =AM59*(1+AN62) -> 1.6251447e+14 | AO59: =AN59*(1+AO62) -> 1.6771493e+14 | ... DJ59: =DI59*(1+DJ62) -> 1.6718204e+15
A60: GDP Annual Growth | B60: % | C60: [6] | D60: 0.029783223 | E60: 0.015084612 | F60: 0.017769386 | G60: 0.014923625 | H60: 0.029467758 | I60: 0.030206666 | J60: 0.03430992 | K60: 0.037078028 | L60: 0.025600549 | M60: 0.032452403 | N60: 0.044254031 | O60: 0.019530011 | P60: 0.021687817 | Q60: 0.029502309 | R60: 0.044076779 | S60: 0.038993931 | T60: 0.043670868 | U60: 0.043192452 | V60: 0.018588911 | W60: -0.016664258 | X60: 0.043103797 | Y60: 0.031267998 | Z60: 0.025197387 | AA60: 0.02671507 | AB60: 0.028742216 | AC60: 0.029190341 | AD60: 0.026055722 | AE60: 0.032813287 | AF60: 0.030340607 | AG60: 0.023355581
A61: GDP Annual Growth - "High" | B61: % | C61: [7] | AG61: 0.032 | AH61: =AG61 -> 0.032 | AI61: =AH61 -> 0.032 | AJ61: =AI61 -> 0.032 | AK61: =AJ61 -> 0.032 | AL61: =AK61 -> 0.032 | AM61: =AL61 -> 0.032 | AN61: =AM61 -> 0.032 | AO61: =AN61 -> 0.032 | ... DJ61: =DI61 -> 0.032
A62: GDP Annual Growth - "Low" | B62: % | C62: [7] | AG62: 0.032 | AH62: =AG62 -> 0.032 | AI62: =AH62 -> 0.032 | AJ62: =AI62 -> 0.032 | AK62: =AJ62 -> 0.032 | AL62: =AK62 -> 0.032 | AM62: =AL62 -> 0.032 | AN62: =AM62 -> 0.032 | AO62: =AN62 -> 0.032 | ... DJ62: =DI62 -> 0.032
A63: Derived 09.07.2020
A66: Recycled Content
B68: in % | C68: Reference | D68: 1994 | E68: 2011 | F68: 2015 | G68: 2019
A69: Cadmium | C69: [8] | D69: 0 | E69: 0.45 | G69: 0.45
A70: Cerium | C70: [8] | D70: 0 | E70: 0.055 | G70: 0.055
A71: Cobalt | C71: [8] | D71: 0 | E71: 0.32 | G71: 0.32
A72: Dysprosium | C72: [8] | D72: 0 | E72: 0.055 | G72: 0.055
A73: Gadolinium | C73: [8] | D73: 0 | E73: 0.055 | G73: 0.055
A74: Gallium | C74: [8] | D74: 0 | E74: 0.375 | G74: 0.375
A75: Germanium | C75: [8] | D75: 0 | E75: 0.45 | G75: 0.45
A76: Indium | C76: [8] | D76: 0 | E76: 0.375 | G76: 0.375
A77: Iridium | C77: [8] | D77: 0 | E77: 0.175 | G77: 0.175
A78: Lanthanum | C78: [8] | D78: 0 | E78: 0.055 | G78: 0.055
A79: Lithium | C79: [8] | D79: 0 | E79: 0.01 | G79: 0.01
A80: Manganese | C80: [8] | D80: 0 | E80: 0.37 | G80: 0.37
... A84: Potassium | C84: [8] | D84: 0 | E84: 0 | G84: 0
A85: Scandium | C85: [9] | D85: 0 | G85: 0
A86: Selenium | C86: [8] | D86: 0 | E86: 0.055 | G86: 0.055
A87: Silver | C87: [8] | D87: 0 | E87: 0.3 | G87: 0.3
A88: Strontium | C88: [10] | D88: 0 | G88: 0
A89: Sulfur | C89: [10] | D89: 0 | G89: 0.05
A90: Tellurium | C90: [10] | D90: 0 | G90: 0.01
A91: Vanadium | C91: [11] | D91: 0 | F91: 0.44 | G91: 0.44
A92: Yttrium | C92: [8] | D92: 0 | E92: 0 | G92: 0
A93: Zirconium | C93: [8] | D93: 0 | E93: 0.055 | G93: 0.055
A96: REE Factors
B98: in % | C98: Reference
A99: Cerium | B99: Share in REE Production | C99: [12] | D99: 0.4732
B100: Conversion Factor Oxide to Element | D100: 0.8141 | E100: resulting from stoichimetry
A101: Dysprosium | B101: Share in REE Production | C101: [10] | D101: 0.009
B102: Conversion Factor Oxide to Element | D102: 0.8713 | E102: resulting from stoichimetry
A103: Gadolinium | B103: Share in REE Production | C103: [12] | D103: 0.01
B104: Conversion Factor Oxide to Element | D104: 0.8676 | E104: resulting from stoichimetry
A105: Lanthanum | B105: Share in REE Production | C105: [12] | D105: 0.2475
B106: Conversion Factor Oxide to Element | D106: 0.8527 | E106: resulting from stoichimetry
A107: Neodymium | B107: Share in REE Production | C107: [10] | D107: 0.162
B108: Conversion Factor Oxide to Element | D108: 0.8574 | E108: resulting from stoichimetry
A109: Yttrium | B109: Conversion Factor Oxide to Element | D109: 0.7874 | E109: resulting from stoichimetry

Sheet Data_Demand-Energy-Sector
A1: Correction Factor (Standard 1, if changes are necessary please comment reason)
C2: Sub Sector | D2: Factor | E2: Comment
C3: BEV - batt | D3: =D4 -> 0.4
C4: BEV - PM | D4: 0.4 | E4: Number of EV's in scenario does not match real fleet numbers
C5: CSP | D5: 1
C6: Electrolysers | D6: 1
C7: FCEV - batt | D7: =D8 -> 0.0056
C8: FCEV - PM | D8: 0.0056 | E8: Number of FCEV's in scenario does not match real fleet numbers
C9: Fossil PP | D9: 1
C10: H2 FC | D10: 1
C11: H2 FC - trans | D11: =D8 -> 0.0056
C12: HEV - batt | D12: =D$4 -> 0.4
C13: HEV - PM | D13: =D$4 -> 0.4
C14: Nuclear | D14: 1
C15: Other RES PP | D15: 1
C16: PHEV - batt | D16: =D$4 -> 0.4
C17: PHEV - PM | D17: =D$4 -> 0.4
C18: PV | D18: 1
C19: Stat. Batteries | D19: 1
C20: Wind offshore | D20: 1
C21: Wind onshore | D21: 1
A23: Cumulative Resource Demand in the Energy Sector (LDF CONT/MEAN)
A24: Resource | C24: Sub-Sector | D24: 1990 | E24: 1991 | F24: 1992 | G24: 1993 | H24: 1994 | I24: 1995 | J24: 1996 | K24: 1997 | L24: 1998 | M24: 1999 | N24: 2000 | O24: 2001 | P24: 2002 | Q24: 2003 | R24: 2004 | S24: 2005 | T24: 2006 | U24: 2007 | V24: 2008 | W24: 2009 | X24: 2010 | Y24: 2011 | Z24: 2012 | AA24: 2013 | AB24: 2014 | AC24: 2015 | AD24: 2016 | AE24: 2017 | AF24: 2018 | AG24: 2019
A25: Cadmium | B25: Raw Data | C25: Nuclear | D25: 0 | E25: 19.487223 | F25: 19.487223 | G25: 19.487223 | H25: 19.487223 | I25: 19.487223 | J25: 19.487223 | K25: 19.487223 | L25: 19.487223 | M25: 19.487223 | N25: 19.487223 | O25: 19.487223 | P25: 19.487223 | Q25: 19.487223 | R25: 19.487223 | S25: 19.487223 | T25: 0 | U25: 0 | V25: 0 | W25: 0 | X25: 7.8015742 | Y25: 0 | Z25: 0 | AA25: 0.20063954 | AB25: 0.53410312 | AC25: 0.76584346 | AD25: 3.0096842 | AE25: 5.9508815 | AF25: 6.8182398 | AG25: 5.6117591
C26: PV | D26: 0 | E26: 0.003451035 | F26: 0.003451035 | G26: 0.003451035 | H26: 0.003451035 | I26: 0.003451035 | J26: 0.003451035 | K26: 0.003451035 | L26: 0.003451035 | M26: 0.003451035 | N26: 0.003451035 | O26: 0 | P26: 0 | Q26: 0 | R26: 0.22805003 | S26: 0.22805003 | T26: 2.8512263 | U26: 11.351667 | V26: 32.223227 | W26: 84.029681 | X26: 79.493504 | Y26: 128.2769 | Z26: 149.72774 | AA26: 125.88447 | AB26: 151.07479 | AC26: 188.05143 | AD26: 198.10042 | AE26: 137.61699 | AF26: 131.72629 | AG26: 121.54136
B27: Corrected Data | C27: Nuclear | D27: =D25*$D14 -> 0 | E27: =E25*$D14 -> 19.487223 | F27: =F25*$D14 -> 19.487223 | G27: =G25*$D14 -> 19.487223 | H27: =H25*$D14 -> 19.487223 | I27: =I25*$D14 -> 19.487223 | J27: =J25*$D14 -> 19.487223 | K27: =K25*$D14 -> 19.487223 | ... AG27: =AG25*$D14 -> 5.6117591
C28: PV | D28: =D26*$D18 -> 0 | E28: =E26*$D18 -> 0.003451035 | F28: =F26*$D18 -> 0.003451035 | G28: =G26*$D18 -> 0.003451035 | H28: =H26*$D18 -> 0.003451035 | I28: =I26*$D18 -> 0.003451035 | J28: =J26*$D18 -> 0.003451035 | K28: =K26*$D18 -> 0.003451035 | ... AG28: =AG26*$D18 -> 121.54136
C29: Sum | D29: =SUM(D27:D28) -> 0 | E29: =SUM(E27:E28) -> 19.490674 | F29: =SUM(F27:F28) -> 19.490674 | G29: =SUM(G27:G28) -> 19.490674 | H29: =SUM(H27:H28) -> 19.490674 | I29: =SUM(I27:I28) -> 19.490674 | J29: =SUM(J27:J28) -> 19.490674 | K29: =SUM(K27:K28) -> 19.490674 | ... AG29: =SUM(AG27:AG28) -> 127.15312
A30: Cerium | B30: Raw Data | C30: H2 FC | D30: 0 | E30: 9.7699912e-08 | F30: 9.7699912e-08 | G30: 9.7699912e-08 | H30: 9.7699912e-08 | I30: 9.7699912e-08 | J30: 9.7699912e-08 | K30: 9.7699912e-08 | L30: 9.7699912e-08 | M30: 9.7699912e-08 | N30: 9.7699912e-08 | O30: 9.7699912e-08 | P30: 9.7699912e-08 | Q30: 9.7699912e-08 | R30: 9.7699912e-08 | S30: 9.7699912e-08 | T30: 2.4825812e-07 | U30: 2.7928279e-07 | V30: 2.8267855e-07 | W30: 3.1353207e-07 | X30: 1.1276587e-06 | Y30: 7.3768425e-07 | Z30: 9.3111239e-07 | AA30: 4.5960774e-07 | AB30: 4.3365723e-07 | AC30: 4.834266e-07 | AD30: 0.012430989 | AE30: 0.046632638 | AF30: 0.074357932 | AG30: 0.080765855
C31: H2 FC - trans | D31: 0 | E31: 0 | F31: 0 | G31: 0 | H31: 0 | I31: 0 | J31: 0 | K31: 0 | L31: 0 | M31: 0 | N31: 0 | O31: 0 | P31: 0 | Q31: 0 | R31: 0 | S31: 0 | T31: 0 | U31: 0 | V31: 0 | W31: 0 | X31: 0 | Y31: 0 | Z31: 0 | AA31: 0 | AB31: 0 | AC31: 0 | AD31: 0 | AE31: 0 | AF31: 0 | AG31: 0
B32: Corrected Data | C32: H2 FC | D32: =D30*$D10 -> 0 | E32: =E30*$D10 -> 9.7699912e-08 | F32: =F30*$D10 -> 9.7699912e-08 | G32: =G30*$D10 -> 9.7699912e-08 | H32: =H30*$D10 -> 9.7699912e-08 | I32: =I30*$D10 -> 9.7699912e-08 | J32: =J30*$D10 -> 9.7699912e-08 | K32: =K30*$D10 -> 9.7699912e-08 | ... AG32: =AG30*$D10 -> 0.080765855
C33: H2 FC - trans | D33: =D31*$D11 -> 0 | E33: =E31*$D11 -> 0 | F33: =F31*$D11 -> 0 | G33: =G31*$D11 -> 0 | H33: =H31*$D11 -> 0 | I33: =I31*$D11 -> 0 | J33: =J31*$D11 -> 0 | K33: =K31*$D11 -> 0 | ... AG33: =AG31*$D11 -> 0
C34: Sum | D34: =SUM(D32) -> 0 | E34: =SUM(E32) -> 9.7699912e-08 | F34: =SUM(F32) -> 9.7699912e-08 | G34: =SUM(G32) -> 9.7699912e-08 | H34: =SUM(H32) -> 9.7699912e-08 | I34: =SUM(I32) -> 9.7699912e-08 | J34: =SUM(J32) -> 9.7699912e-08 | K34: =SUM(K32) -> 9.7699912e-08 | ... AG34: =SUM(AG32) -> 0.080765855
A35: Cobalt | B35: Raw Data | C35: BEV - batt | D35: 0 | E35: 0 | F35: 0 | G35: 0 | H35: 0 | I35: 0 | J35: 0 | K35: 0 | L35: 0 | M35: 0 | N35: 0 | O35: 0 | P35: 0 | Q35: 0 | R35: 0 | S35: 0 | T35: 7199.5586 | U35: 11999.264 | V35: 9599.4115 | W35: 9599.4115 | X35: 9599.4115 | Y35: 7559.6241 | Z35: 7670.5521 | AA35: 6921.8131 | AB35: 14104.804 | AC35: 20973.29 | AD35: 27132.336 | AE35: 39662.734 | AF35: 50877.97 | AG35: 57072.991
C36: Electrolysers | D36: 0 | E36: 5.9552915e-06 | F36: 5.9552915e-06 | G36: 5.9552915e-06 | H36: 5.9552915e-06 | I36: 5.9552915e-06 | J36: 5.9552915e-06 | K36: 5.9552915e-06 | L36: 5.9552915e-06 | M36: 5.9552915e-06 | N36: 5.9552915e-06 | O36: 5.8957386e-06 | P36: 5.8361857e-06 | Q36: 5.7766328e-06 | R36: 5.7170798e-06 | S36: 5.6575269e-06 | T36: 1.4609974e-05 | U36: 1.6494036e-05 | V36: 1.6699852e-05 | W36: 1.8299983e-05 | X36: 2.2082123e-05 | Y36: 2.4502486e-05 | Z36: 1.5859871e-05 | AA36: 3.8754799e-06 | AB36: 3.0508702e-06 | AC36: 3.4779948e-06 | AD36: 0.5228789 | AE36: 1.4603197 | AF36: 2.2541318 | AG36: 2.9081591
C37: FCEV - batt | D37: 0 | E37: 0 | F37: 0 | G37: 0 | H37: 0 | I37: 0 | J37: 0 | K37: 0 | L37: 0 | M37: 0 | N37: 0 | O37: 0 | P37: 0 | Q37: 0 | R37: 0 | S37: 0 | T37: 6.6129124e-08 | U37: 1.1021521e-07 | V37: 8.8172165e-08 | W37: 8.8172165e-08 | X37: 8.8172165e-08 | Y37: 0 | Z37: 0 | AA37: 0 | AB37: 0 | AC37: 0 | AD37: 133.19495 | AE37: 387.20595 | AF37: 620.73915 | AG37: 832.56472
C38: H2 FC | D38: 0 | E38: 9.9355843e-08 | F38: 9.9355843e-08 | G38: 9.9355843e-08 | H38: 9.9355843e-08 | I38: 9.9355843e-08 | J38: 9.9355843e-08 | K38: 9.9355843e-08 | L38: 9.9355843e-08 | M38: 9.9355843e-08 | N38: 9.9355843e-08 | O38: 9.9355843e-08 | P38: 9.9355843e-08 | Q38: 9.9355843e-08 | R38: 9.9355843e-08 | S38: 9.9355843e-08 | T38: 2.5246589e-07 | U38: 2.8401639e-07 | V38: 2.8746971e-07 | W38: 3.1884617e-07 | X38: 3.3829762e-06 | Y38: 2.6824882e-06 | Z38: 2.981652e-06 | AA38: 1.2586768e-06 | AB38: 1.2213204e-06 | AC38: 1.4672091e-06 | AD38: 0.036154049 | AE38: 0.12152149 | AF38: 0.17777715 | AG38: 0.2024088
C39: H2 FC - trans | D39: 0 | E39: 0 | F39: 0 | G39: 0 | H39: 0 | I39: 0 | J39: 0 | K39: 0 | L39: 0 | M39: 0 | N39: 0 | O39: 0 | P39: 0 | Q39: 0 | R39: 0 | S39: 0 | T39: 0 | U39: 0 | V39: 0 | W39: 0 | X39: 0 | Y39: 0 | Z39: 0 | AA39: 0 | AB39: 0 | AC39: 0 | AD39: 0 | AE39: 0 | AF39: 0 | AG39: 0
C40: HEV - batt | D40: 0 | E40: 0 | F40: 0 | G40: 0 | H40: 0 | I40: 0 | J40: 0 | K40: 0 | L40: 0 | M40: 0 | N40: 0 | O40: 0 | P40: 0 | Q40: 0 | R40: 0 | S40: 0 | T40: 1.7523112e-08 | U40: 2.9205186e-08 | V40: 2.3364149e-08 | W40: 2.3364149e-08 | X40: 2.3364149e-08 | Y40: 0 | Z40: 0 | AA40: 0 | AB40: 0 | AC40: 0 | AD40: 1.7772512e-08 | AE40: 3.0029805e-08 | AF40: 2.4345632e-08 | AG40: 2.4662047e-08
C41: PHEV - batt | D41: 0 | E41: 0 | F41: 0 | G41: 0 | H41: 0 | I41: 0 | J41: 0 | K41: 0 | L41: 0 | M41: 0 | N41: 0 | O41: 0 | P41: 0 | Q41: 0 | R41: 0 | S41: 0 | T41: 0.42749115 | U41: 0.71248525 | V41: 0.5699882 | W41: 0.5699882 | X41: 0.5699882 | Y41: 53.310827 | Z41: 88.171774 | AA41: 58.330567 | AB41: 58.330567 | AC41: 95.562767 | AD41: 573.02327 | AE41: 1423.4678 | AF41: 2207.101 | AG41: 2920.4792
C42: Stat. Batteries | D42: 0 | E42: 523.49607 | F42: 523.49607 | G42: 523.49607 | H42: 523.49607 | I42: 523.49607 | J42: 523.49607 | K42: 523.49607 | L42: 523.49607 | M42: 523.49607 | N42: 523.49607 | O42: 523.49607 | P42: 523.49607 | Q42: 1046.9921 | R42: 1046.9921 | S42: 1046.9921 | T42: 877.0581 | U42: 591.77143 | V42: 320.34435 | W42: 472.32275 | X42: 870.84291 | Y42: 642.49952 | Z42: 482.42352 | AA42: 562.22763 | AB42: 593.98156 | AC42: 1029.1988 | AD42: 888.7409 | AE42: 867.77808 | AF42: 844.59783 | AG42: 878.67786
B43: Corrected Data | C43: BEV - batt | D43: =D35*$D3 -> 0 | E43: =E35*$D3 -> 0 | F43: =F35*$D3 -> 0 | G43: =G35*$D3 -> 0 | H43: =H35*$D3 -> 0 | I43: =I35*$D3 -> 0 | J43: =J35*$D3 -> 0 | K43: =K35*$D3 -> 0 | ... AG43: =AG35*$D3 -> 22829.197
C44: Electrolysers | D44: =D36*$D6 -> 0 | E44: =E36*$D6 -> 5.9552915e-06 | F44: =F36*$D6 -> 5.9552915e-06 | G44: =G36*$D6 -> 5.9552915e-06 | H44: =H36*$D6 -> 5.9552915e-06 | I44: =I36*$D6 -> 5.9552915e-06 | J44: =J36*$D6 -> 5.9552915e-06 | K44: =K36*$D6 -> 5.9552915e-06 | ... AG44: =AG36*$D6 -> 2.9081591
C45: FCEV - batt | D45: =D37*$D7 -> 0 | E45: =E37*$D7 -> 0 | F45: =F37*$D7 -> 0 | G45: =G37*$D7 -> 0 | H45: =H37*$D7 -> 0 | I45: =I37*$D7 -> 0 | J45: =J37*$D7 -> 0 | K45: =K37*$D7 -> 0 | ... AG45: =AG37*$D7 -> 4.6623624
C46: H2 FC | D46: =D38*$D10 -> 0 | E46: =E38*$D10 -> 9.9355843e-08 | F46: =F38*$D10 -> 9.9355843e-08 | G46: =G38*$D10 -> 9.9355843e-08 | H46: =H38*$D10 -> 9.9355843e-08 | I46: =I38*$D10 -> 9.9355843e-08 | J46: =J38*$D10 -> 9.9355843e-08 | K46: =K38*$D10 -> 9.9355843e-08 | ... AG46: =AG38*$D10 -> 0.2024088
C47: H2 FC - trans | D47: =D39*$D11 -> 0 | E47: =E39*$D11 -> 0 | F47: =F39*$D11 -> 0 | G47: =G39*$D11 -> 0 | H47: =H39*$D11 -> 0 | I47: =I39*$D11 -> 0 | J47: =J39*$D11 -> 0 | K47: =K39*$D11 -> 0 | ... AG47: =AG39*$D11 -> 0
C48: HEV - batt | D48: =D40*$D12 -> 0 | E48: =E40*$D12 -> 0 | F48: =F40*$D12 -> 0 | G48: =G40*$D12 -> 0 | H48: =H40*$D12 -> 0 | I48: =I40*$D12 -> 0 | J48: =J40*$D12 -> 0 | K48: =K40*$D12 -> 0 | ... AG48: =AG40*$D12 -> 9.8648189e-09
C49: PHEV - batt | D49: =D41*$D16 -> 0 | E49: =E41*$D16 -> 0 | F49: =F41*$D16 -> 0 | G49: =G41*$D16 -> 0 | H49: =H41*$D16 -> 0 | I49: =I41*$D16 -> 0 | J49: =J41*$D16 -> 0 | K49: =K41*$D16 -> 0 | ... AG49: =AG41*$D16 -> 1168.1917
C50: Stat. Batteries | D50: =D42*$D19 -> 0 | E50: =E42*$D19 -> 523.49607 | F50: =F42*$D19 -> 523.49607 | G50: =G42*$D19 -> 523.49607 | H50: =H42*$D19 -> 523.49607 | I50: =I42*$D19 -> 523.49607 | J50: =J42*$D19 -> 523.49607 | K50: =K42*$D19 -> 523.49607 | ... AG50: =AG42*$D19 -> 878.67786
C51: Sum | D51: =SUM(D43:D50) -> 0 | E51: =SUM(E43:E50) -> 523.49608 | F51: =SUM(F43:F50) -> 523.49608 | G51: =SUM(G43:G50) -> 523.49608 | H51: =SUM(H43:H50) -> 523.49608 | I51: =SUM(I43:I50) -> 523.49608 | J51: =SUM(J43:J50) -> 523.49608 | K51: =SUM(K43:K50) -> 523.49608 | ... AG51: =SUM(AG43:AG50) -> 24883.839
A52: Dysprosium | B52: Raw Data | C52: BEV - PM | D52: 0 | E52: 0 | F52: 0 | G52: 0 | H52: 0 | I52: 0 | J52: 0 | K52: 0 | L52: 0 | M52: 0 | N52: 0 | O52: 0 | P52: 0 | Q52: 0 | R52: 0 | S52: 0 | T52: 40.440446 | U52: 67.400744 | V52: 53.920595 | W52: 53.920595 | X52: 53.920595 | Y52: 81.519721 | Z52: 107.77275 | AA52: 83.019384 | AB52: 122.91498 | AC52: 184.3926 | AD52: 338.66921 | AE52: 588.56323 | AF52: 797.63361 | AG52: 946.84473
C53: FCEV - PM | D53: 0 | E53: 0 | F53: 0 | G53: 0 | H53: 0 | I53: 0 | J53: 0 | K53: 0 | L53: 0 | M53: 0 | N53: 0 | O53: 0 | P53: 0 | Q53: 0 | R53: 0 | S53: 0 | T53: 1.1208762e-08 | U53: 1.868127e-08 | V53: 1.4945016e-08 | W53: 1.4945016e-08 | X53: 1.4945016e-08 | Y53: 0 | Z53: 0 | AA53: 0 | AB53: 0 | AC53: 0 | AD53: 52.801192 | AE53: 150.24315 | AF53: 235.50063 | AG53: 308.61078
C54: HEV - PM | D54: 0 | E54: 0 | F54: 0 | G54: 0 | H54: 0 | I54: 0 | J54: 0 | K54: 0 | L54: 0 | M54: 0 | N54: 0 | O54: 0 | P54: 0 | Q54: 0 | R54: 0 | S54: 0 | T54: 7.7464737e-09 | U54: 1.2910789e-08 | V54: 1.0328632e-08 | W54: 1.0328632e-08 | X54: 1.0328632e-08 | Y54: 0 | Z54: 0 | AA54: 0 | AB54: 0 | AC54: 0 | AD54: 1.8978322e-09 | AE54: 3.1597902e-09 | AF54: 2.5252214e-09 | AG54: 2.5226107e-09
C55: PHEV - PM | D55: 0 | E55: 0 | F55: 0 | G55: 0 | H55: 0 | I55: 0 | J55: 0 | K55: 0 | L55: 0 | M55: 0 | N55: 0 | O55: 0 | P55: 0 | Q55: 0 | R55: 0 | S55: 0 | T55: 0.09972316 | U55: 0.16620527 | V55: 0.13296421 | W55: 0.13296421 | X55: 0.13296421 | Y55: 12.436103 | Z55: 20.568304 | AA55: 13.648951 | AB55: 13.648951 | AC55: 22.20871 | AD55: 116.77324 | AE55: 276.68769 | AF55: 414.23255 | AG55: 529.47619
C56: Wind offshore | D56: 0 | E56: 0 | F56: 0 | G56: 0 | H56: 0 | I56: 0 | J56: 0 | K56: 0 | L56: 0 | M56: 0 | N56: 0 | O56: 0 | P56: 0 | Q56: 0 | R56: 0 | S56: 0 | T56: 0 | U56: 0 | V56: 0 | W56: 0 | X56: 0 | Y56: 0 | Z56: 0 | AA56: 0.23065805 | AB56: 0.51809611 | AC56: 0.84329151 | AD56: 1.03753 | AE56: 1.1635216 | AF56: 1.5580004 | AG56: 2.337475
C57: Wind onshore | D57: 0 | E57: 0 | F57: 0 | G57: 0 | H57: 0 | I57: 0 | J57: 0 | K57: 0 | L57: 0 | M57: 0 | N57: 0 | O57: 0 | P57: 0 | Q57: 0 | R57: 0 | S57: 0 | T57: 0 | U57: 0 | V57: 0 | W57: 0 | X57: 1.7942313 | Y57: 25.98177 | Z57: 50.160451 | AA57: 43.682936 | AB57: 41.68042 | AC57: 43.590335 | AD57: 49.252716 | AE57: 50.83229 | AF57: 59.206841 | AG57: 75.580377
B58: Corrected Data | C58: BEV - PM | D58: =D52*$D4 -> 0 | E58: =E52*$D4 -> 0 | F58: =F52*$D4 -> 0 | G58: =G52*$D4 -> 0 | H58: =H52*$D4 -> 0 | I58: =I52*$D4 -> 0 | J58: =J52*$D4 -> 0 | K58: =K52*$D4 -> 0 | ... AG58: =AG52*$D4 -> 378.73789
C59: FCEV - PM | D59: =D53*$D8 -> 0 | E59: =E53*$D8 -> 0 | F59: =F53*$D8 -> 0 | G59: =G53*$D8 -> 0 | H59: =H53*$D8 -> 0 | I59: =I53*$D8 -> 0 | J59: =J53*$D8 -> 0 | K59: =K53*$D8 -> 0 | ... AG59: =AG53*$D8 -> 1.7282204
C60: HEV - PM | D60: =D54*$D13 -> 0 | E60: =E54*$D13 -> 0 | F60: =F54*$D13 -> 0 | G60: =G54*$D13 -> 0 | H60: =H54*$D13 -> 0 | I60: =I54*$D13 -> 0 | J60: =J54*$D13 -> 0 | K60: =K54*$D13 -> 0 | ... AG60: =AG54*$D13 -> 1.0090443e-09
C61: PHEV - PM | D61: =D55*$D17 -> 0 | E61: =E55*$D17 -> 0 | F61: =F55*$D17 -> 0 | G61: =G55*$D17 -> 0 | H61: =H55*$D17 -> 0 | I61: =I55*$D17 -> 0 | J61: =J55*$D17 -> 0 | K61: =K55*$D17 -> 0 | ... AG61: =AG55*$D17 -> 211.79048
C62: Wind offshore | D62: =D56*$D20 -> 0 | E62: =E56*$D20 -> 0 | F62: =F56*$D20 -> 0 | G62: =G56*$D20 -> 0 | H62: =H56*$D20 -> 0 | I62: =I56*$D20 -> 0 | J62: =J56*$D20 -> 0 | K62: =K56*$D20 -> 0 | ... AG62: =AG56*$D20 -> 2.337475
C63: Wind onshore | D63: =D57*$D21 -> 0 | E63: =E57*$D21 -> 0 | F63: =F57*$D21 -> 0 | G63: =G57*$D21 -> 0 | H63: =H57*$D21 -> 0 | I63: =I57*$D21 -> 0 | J63: =J57*$D21 -> 0 | K63: =K57*$D21 -> 0 | ... AG63: =AG57*$D21 -> 75.580377
C64: Sum | D64: =SUM(D58:D63) -> 0 | E64: =SUM(E58:E63) -> 0 | F64: =SUM(F58:F63) -> 0 | G64: =SUM(G58:G63) -> 0 | H64: =SUM(H58:H63) -> 0 | I64: =SUM(I58:I63) -> 0 | J64: =SUM(J58:J63) -> 0 | K64: =SUM(K58:K63) -> 0 | ... AG64: =SUM(AG58:AG63) -> 670.17444
A65: Gadolinium | B65: Raw Data | C65: H2 FC | D65: 0 | E65: 2.1527099e-08 | F65: 2.1527099e-08 | G65: 2.1527099e-08 | H65: 2.1527099e-08 | I65: 2.1527099e-08 | J65: 2.1527099e-08 | K65: 2.1527099e-08 | L65: 2.1527099e-08 | M65: 2.1527099e-08 | N65: 2.1527099e-08 | O65: 2.1527099e-08 | P65: 2.1527099e-08 | Q65: 2.1527099e-08 | R65: 2.1527099e-08 | S65: 2.1527099e-08 | T65: 5.4700943e-08 | U65: 6.1536885e-08 | V65: 6.2285104e-08 | W65: 6.9083338e-08 | X65: 1.7246545e-07 | Y65: 9.6867629e-08 | Z65: 1.3600518e-07 | AA65: 7.4376356e-08 | AB65: 6.9031151e-08 | AC65: 7.3360457e-08 | AD65: 0.0019129127 | AE65: 0.0075551382 | AF65: 0.012415272 | AG65: 0.012848215
C66: H2 FC - trans | D66: 0 | E66: 0 | F66: 0 | G66: 0 | H66: 0 | I66: 0 | J66: 0 | K66: 0 | L66: 0 | M66: 0 | N66: 0 | O66: 0 | P66: 0 | Q66: 0 | R66: 0 | S66: 0 | T66: 0 | U66: 0 | V66: 0 | W66: 0 | X66: 0 | Y66: 0 | Z66: 0 | AA66: 0 | AB66: 0 | AC66: 0 | AD66: 0 | AE66: 0 | AF66: 0 | AG66: 0
B67: Corrected Data | C67: H2 FC | D67: =D65*$D10 -> 0 | E67: =E65*$D10 -> 2.1527099e-08 | F67: =F65*$D10 -> 2.1527099e-08 | G67: =G65*$D10 -> 2.1527099e-08 | H67: =H65*$D10 -> 2.1527099e-08 | I67: =I65*$D10 -> 2.1527099e-08 | J67: =J65*$D10 -> 2.1527099e-08 | K67: =K65*$D10 -> 2.1527099e-08 | ... AG67: =AG65*$D10 -> 0.012848215
C68: H2 FC - trans | D68: =D66*$D11 -> 0 | E68: =E66*$D11 -> 0 | F68: =F66*$D11 -> 0 | G68: =G66*$D11 -> 0 | H68: =H66*$D11 -> 0 | I68: =I66*$D11 -> 0 | J68: =J66*$D11 -> 0 | K68: =K66*$D11 -> 0 | ... AG68: =AG66*$D11 -> 0
C69: Sum | D69: =SUM(D67) -> 0 | E69: =SUM(E67) -> 2.1527099e-08 | F69: =SUM(F67) -> 2.1527099e-08 | G69: =SUM(G67) -> 2.1527099e-08 | H69: =SUM(H67) -> 2.1527099e-08 | I69: =SUM(I67) -> 2.1527099e-08 | J69: =SUM(J67) -> 2.1527099e-08 | K69: =SUM(K67) -> 2.1527099e-08 | ... AG69: =SUM(AG67) -> 0.012848215
A70: Gallium | B70: Raw Data | C70: PV | D70: 0 | E70: 0.10111533 | F70: 0.10111533 | G70: 0.10111533 | H70: 0.10111533 | I70: 0.10111533 | J70: 0.10111533 | K70: 0.10111533 | L70: 0.10111533 | M70: 0.10111533 | N70: 0.10111533 | O70: 0 | P70: 0 | Q70: 0 | R70: 0 | S70: 0 | T70: 0 | U70: 0.70452202 | V70: 1.3617539 | W70: 1.9653416 | X70: 5.3534256 | Y70: 14.130783 | Z70: 11.205407 | AA70: 15.873399 | AB70: 10.277621 | AC70: 8.5349657 | AD70: 7.9112552 | AE70: 10.598481 | AF70: 11.271321 | AG70: 11.590304
B71: Corrected Data | C71: PV | D71: =D70*$D18 -> 0 | E71: =E70*$D18 -> 0.10111533 | F71: =F70*$D18 -> 0.10111533 | G71: =G70*$D18 -> 0.10111533 | H71: =H70*$D18 -> 0.10111533 | I71: =I70*$D18 -> 0.10111533 | J71: =J70*$D18 -> 0.10111533 | K71: =K70*$D18 -> 0.10111533 | ... AG71: =AG70*$D18 -> 11.590304
C72: Sum | D72: =SUM(D71) -> 0 | E72: =SUM(E71) -> 0.10111533 | F72: =SUM(F71) -> 0.10111533 | G72: =SUM(G71) -> 0.10111533 | H72: =SUM(H71) -> 0.10111533 | I72: =SUM(I71) -> 0.10111533 | J72: =SUM(J71) -> 0.10111533 | K72: =SUM(K71) -> 0.10111533 | ... AG72: =SUM(AG71) -> 11.590304
A73: Germanium | B73: Raw Data | C73: PV | D73: 0 | E73: 1.8508816 | F73: 1.8508816 | G73: 1.8508816 | H73: 1.8508816 | I73: 1.8508816 | J73: 1.8508816 | K73: 1.8508816 | L73: 1.8508816 | M73: 1.8508816 | N73: 1.8508816 | O73: 1.6452281 | P73: 1.2339211 | Q73: 0.82261406 | R73: 0.82261406 | S73: 0.82261406 | T73: 3.3904177 | U73: 6.6577922 | V73: 17.532177 | W73: 16.705059 | X73: 25.328777 | Y73: 67.142961 | Z73: 45.987608 | AA73: 48.75993 | AB73: 48.899027 | AC73: 30.116635 | AD73: 21.274041 | AE73: 14.260765 | AF73: 28.418399 | AG73: 45.310701
B74: Corrected Data | C74: PV | D74: =D73*$D18 -> 0 | E74: =E73*$D18 -> 1.8508816 | F74: =F73*$D18 -> 1.8508816 | G74: =G73*$D18 -> 1.8508816 | H74: =H73*$D18 -> 1.8508816 | I74: =I73*$D18 -> 1.8508816 | J74: =J73*$D18 -> 1.8508816 | K74: =K73*$D18 -> 1.8508816 | ... AG74: =AG73*$D18 -> 45.310701
C75: Sum | D75: =SUM(D74) -> 0 | E75: =SUM(E74) -> 1.8508816 | F75: =SUM(F74) -> 1.8508816 | G75: =SUM(G74) -> 1.8508816 | H75: =SUM(H74) -> 1.8508816 | I75: =SUM(I74) -> 1.8508816 | J75: =SUM(J74) -> 1.8508816 | K75: =SUM(K74) -> 1.8508816 | ... AG75: =SUM(AG74) -> 45.310701
A76: Indium | B76: Raw Data | C76: Nuclear | D76: 0 | E76: 46.769335 | F76: 46.769335 | G76: 46.769335 | H76: 46.769335 | I76: 46.769335 | J76: 46.769335 | K76: 46.769335 | L76: 46.769335 | M76: 46.769335 | N76: 46.769335 | O76: 46.769335 | P76: 46.769335 | Q76: 46.769335 | R76: 46.769335 | S76: 46.769335 | T76: 0 | U76: 0 | V76: 0 | W76: 0 | X76: 18.723778 | Y76: 0 | Z76: 0 | AA76: 0.48153489 | AB76: 1.2818475 | AC76: 1.8380243 | AD76: 7.223242 | AE76: 14.282116 | AF76: 16.363775 | AG76: 13.468222
C77: PV | D77: 0 | E77: 0.30842909 | F77: 0.30842909 | G77: 0.30842909 | H77: 0.30842909 | I77: 0.30842909 | J77: 0.30842909 | K77: 0.30842909 | L77: 0.30842909 | M77: 0.30842909 | N77: 0.30842909 | O77: 0.15492189 | P77: 0.11619142 | Q77: 0.077460946 | R77: 0.1030033 | S77: 0.1030033 | T77: 0.63945615 | U77: 2.9393043 | V77: 7.4038369 | W77: 14.224808 | X77: 21.144898 | Y77: 49.659046 | Z77: 46.777415 | AA77: 60.921708 | AB77: 54.081179 | AC77: 57.799045 | AD77: 57.609383 | AE77: 63.483418 | AF77: 70.112168 | AG77: 75.843345
B78: Corrected Data | C78: Nuclear | D78: =D76*$D14 -> 0 | E78: =E76*$D14 -> 46.769335 | F78: =F76*$D14 -> 46.769335 | G78: =G76*$D14 -> 46.769335 | H78: =H76*$D14 -> 46.769335 | I78: =I76*$D14 -> 46.769335 | J78: =J76*$D14 -> 46.769335 | K78: =K76*$D14 -> 46.769335 | ... AG78: =AG76*$D14 -> 13.468222
C79: PV | D79: =D77*$D18 -> 0 | E79: =E77*$D18 -> 0.30842909 | F79: =F77*$D18 -> 0.30842909 | G79: =G77*$D18 -> 0.30842909 | H79: =H77*$D18 -> 0.30842909 | I79: =I77*$D18 -> 0.30842909 | J79: =J77*$D18 -> 0.30842909 | K79: =K77*$D18 -> 0.30842909 | ... AG79: =AG77*$D18 -> 75.843345
C80: Sum | D80: =SUM(D78:D79) -> 0 | E80: =SUM(E78:E79) -> 47.077765 | F80: =SUM(F78:F79) -> 47.077765 | G80: =SUM(G78:G79) -> 47.077765 | H80: =SUM(H78:H79) -> 47.077765 | I80: =SUM(I78:I79) -> 47.077765 | J80: =SUM(J78:J79) -> 47.077765 | K80: =SUM(K78:K79) -> 47.077765 | ... AG80: =SUM(AG78:AG79) -> 89.311567
A81: Iridium | B81: Raw Data | C81: Electrolysers | D81: 0 | E81: 0 | F81: 0 | G81: 0 | H81: 0 | I81: 0 | J81: 0 | K81: 0 | L81: 0 | M81: 0 | N81: 0 | O81: 1.0461758e-08 | P81: 2.0923517e-08 | Q81: 3.1385275e-08 | R81: 4.1847033e-08 | S81: 5.2308792e-08 | T81: 1.6382286e-07 | U81: 2.1809399e-07 | V81: 2.5510351e-07 | W81: 3.1794608e-07 | X81: 4.3102253e-07 | Y81: 7.0071498e-07 | Z81: 6.1158943e-07 | AA81: 1.9202388e-07 | AB81: 1.8830724e-07 | AC81: 2.6185074e-07 | AD81: 0.043735789 | AE81: 0.13341805 | AF81: 0.22160331 | AG81: 0.30336703
B82: Corrected Data | C82: Electrolysers | D82: =D81*$D6 -> 0 | E82: =E81*$D6 -> 0 | F82: =F81*$D6 -> 0 | G82: =G81*$D6 -> 0 | H82: =H81*$D6 -> 0 | I82: =I81*$D6 -> 0 | J82: =J81*$D6 -> 0 | K82: =K81*$D6 -> 0 | ... AG82: =AG81*$D6 -> 0.30336703
C83: Sum | D83: =SUM(D82) -> 0 | E83: =SUM(E82) -> 0 | F83: =SUM(F82) -> 0 | G83: =SUM(G82) -> 0 | H83: =SUM(H82) -> 0 | I83: =SUM(I82) -> 0 | J83: =SUM(J82) -> 0 | K83: =SUM(K82) -> 0 | ... AG83: =SUM(AG82) -> 0.30336703
A84: Lanthanum | B84: Raw Data | C84: Electrolysers | D84: 0 | E84: 0 | F84: 0 | G84: 0 | H84: 0 | I84: 0 | J84: 0 | K84: 0 | L84: 0 | M84: 0 | N84: 0 | O84: 0 | P84: 0 | Q84: 0 | R84: 0 | S84: 0 | T84: 0 | U84: 0 | V84: 0 | W84: 0 | X84: 0 | Y84: 0 | Z84: 0 | AA84: 0 | AB84: 0 | AC84: 0 | AD84: 0 | AE84: 0 | AF84: 0 | AG84: 0
C85: H2 FC | D85: 0 | E85: 4.0404709e-07 | F85: 4.0404709e-07 | G85: 4.0404709e-07 | H85: 4.0404709e-07 | I85: 4.0404709e-07 | J85: 4.0404709e-07 | K85: 4.0404709e-07 | L85: 4.0404709e-07 | M85: 4.0404709e-07 | N85: 4.0404709e-07 | O85: 4.0404709e-07 | P85: 4.0404709e-07 | Q85: 4.0404709e-07 | R85: 4.0404709e-07 | S85: 4.0404709e-07 | T85: 1.0266946e-06 | U85: 1.155e-06 | V85: 1.1690435e-06 | W85: 1.2966411e-06 | X85: 4.5736512e-06 | Y85: 2.9730911e-06 | Z85: 3.7689128e-06 | AA85: 1.8689443e-06 | AB85: 1.7620644e-06 | AC85: 1.9600409e-06 | AD85: 0.050487651 | AE85: 0.19004853 | AF85: 0.30383514 | AG85: 0.32992019
C86: H2 FC - trans | D86: 0 | E86: 0 | F86: 0 | G86: 0 | H86: 0 | I86: 0 | J86: 0 | K86: 0 | L86: 0 | M86: 0 | N86: 0 | O86: 0 | P86: 0 | Q86: 0 | R86: 0 | S86: 0 | T86: 0 | U86: 0 | V86: 0 | W86: 0 | X86: 0 | Y86: 0 | Z86: 0 | AA86: 0 | AB86: 0 | AC86: 0 | AD86: 0 | AE86: 0 | AF86: 0 | AG86: 0
B87: Corrected Data | C87: Electrolysers | D87: =D84*$D6 -> 0 | E87: =E84*$D6 -> 0 | F87: =F84*$D6 -> 0 | G87: =G84*$D6 -> 0 | H87: =H84*$D6 -> 0 | I87: =I84*$D6 -> 0 | J87: =J84*$D6 -> 0 | K87: =K84*$D6 -> 0 | ... AG87: =AG84*$D6 -> 0
C88: H2 FC | D88: =D85*$D10 -> 0 | E88: =E85*$D10 -> 4.0404709e-07 | F88: =F85*$D10 -> 4.0404709e-07 | G88: =G85*$D10 -> 4.0404709e-07 | H88: =H85*$D10 -> 4.0404709e-07 | I88: =I85*$D10 -> 4.0404709e-07 | J88: =J85*$D10 -> 4.0404709e-07 | K88: =K85*$D10 -> 4.0404709e-07 | ... AG88: =AG85*$D10 -> 0.32992019
C89: H2 FC - trans | D89: =D86*$D11 -> 0 | E89: =E86*$D11 -> 0 | F89: =F86*$D11 -> 0 | G89: =G86*$D11 -> 0 | H89: =H86*$D11 -> 0 | I89: =I86*$D11 -> 0 | J89: =J86*$D11 -> 0 | K89: =K86*$D11 -> 0 | ... AG89: =AG86*$D11 -> 0
C90: Sum | D90: =SUM(D87:D88) -> 0 | E90: =SUM(E87:E88) -> 4.0404709e-07 | F90: =SUM(F87:F88) -> 4.0404709e-07 | G90: =SUM(G87:G88) -> 4.0404709e-07 | H90: =SUM(H87:H88) -> 4.0404709e-07 | I90: =SUM(I87:I88) -> 4.0404709e-07 | J90: =SUM(J87:J88) -> 4.0404709e-07 | K90: =SUM(K87:K88) -> 4.0404709e-07 | ... AG90: =SUM(AG87:AG88) -> 0.32992019
A91: Lithium | B91: Raw Data | C91: BEV - batt | D91: 0 | E91: 0 | F91: 0 | G91: 0 | H91: 0 | I91: 0 | J91: 0 | K91: 0 | L91: 0 | M91: 0 | N91: 0 | O91: 0 | P91: 0 | Q91: 0 | R91: 0 | S91: 0 | T91: 6886.9107 | U91: 11465.786 | V91: 9162.7098 | W91: 9152.791 | X91: 9142.8721 | Y91: 7192.284 | Z91: 7289.8959 | AA91: 6571.1614 | AB91: 13375.696 | AC91: 19867.463 | AD91: 25515.951 | AE91: 37022.23 | AF91: 47127.07 | AG91: 52448.85
C92: FCEV - batt | D92: 0 | E92: 0 | F92: 0 | G92: 0 | H92: 0 | I92: 0 | J92: 0 | K92: 0 | L92: 0 | M92: 0 | N92: 0 | O92: 0 | P92: 0 | Q92: 0 | R92: 0 | S92: 0 | T92: 6.3257401e-08 | U92: 1.0531512e-07 | V92: 8.4160989e-08 | W92: 8.4069882e-08 | X92: 8.3978776e-08 | Y92: 0 | Z92: 0 | AA92: 0 | AB92: 0 | AC92: 0 | AD92: 125.25998 | AE92: 361.42812 | AF92: 574.97611 | AG92: 765.10905
C93: HEV - batt | D93: 0 | E93: 0 | F93: 0 | G93: 0 | H93: 0 | I93: 0 | J93: 0 | K93: 0 | L93: 0 | M93: 0 | N93: 0 | O93: 0 | P93: 0 | Q93: 0 | R93: 0 | S93: 0 | T93: 1.6762153e-08 | U93: 2.7906745e-08 | V93: 2.2301254e-08 | W93: 2.2277113e-08 | X93: 2.2252971e-08 | Y93: 0 | Z93: 0 | AA93: 0 | AB93: 0 | AC93: 0 | AD93: 1.671373e-08 | AE93: 2.8030603e-08 | AF93: 2.2550788e-08 | AG93: 2.266389e-08
C94: PHEV - batt | D94: 0 | E94: 0 | F94: 0 | G94: 0 | H94: 0 | I94: 0 | J94: 0 | K94: 0 | L94: 0 | M94: 0 | N94: 0 | O94: 0 | P94: 0 | Q94: 0 | R94: 0 | S94: 0 | T94: 0.40892692 | U94: 0.68080868 | V94: 0.54405798 | W94: 0.54346903 | X94: 0.54288007 | Y94: 50.720327 | Z94: 83.796191 | AA94: 55.375602 | AB94: 55.315331 | AC94: 90.524173 | AD94: 538.88591 | AE94: 1328.702 | AF94: 2044.3859 | AG94: 2683.8575
C95: Stat. Batteries | D95: 0 | E95: 373.933 | F95: 373.933 | G95: 373.933 | H95: 373.933 | I95: 373.933 | J95: 373.933 | K95: 373.933 | L95: 373.933 | M95: 373.933 | N95: 373.933 | O95: 373.933 | P95: 373.933 | Q95: 747.866 | R95: 747.866 | S95: 747.866 | T95: 626.48219 | U95: 422.70205 | V95: 228.82182 | W95: 337.37991 | X95: 622.04268 | Y95: 458.9371 | Z95: 344.59489 | AA95: 401.59893 | AB95: 424.28075 | AC95: 735.15622 | AD95: 631.6214 | AE95: 613.5951 | AF95: 594.16197 | AG95: 614.97336
B96: Corrected Data | C96: BEV - batt | D96: =D91*$D3 -> 0 | E96: =E91*$D3 -> 0 | F96: =F91*$D3 -> 0 | G96: =G91*$D3 -> 0 | H96: =H91*$D3 -> 0 | I96: =I91*$D3 -> 0 | J96: =J91*$D3 -> 0 | K96: =K91*$D3 -> 0 | ... AG96: =AG91*$D3 -> 20979.54
C97: FCEV - batt | D97: =D92*$D7 -> 0 | E97: =E92*$D7 -> 0 | F97: =F92*$D7 -> 0 | G97: =G92*$D7 -> 0 | H97: =H92*$D7 -> 0 | I97: =I92*$D7 -> 0 | J97: =J92*$D7 -> 0 | K97: =K92*$D7 -> 0 | ... AG97: =AG92*$D7 -> 4.2846107
C98: HEV - batt | D98: =D93*$D12 -> 0 | E98: =E93*$D12 -> 0 | F98: =F93*$D12 -> 0 | G98: =G93*$D12 -> 0 | H98: =H93*$D12 -> 0 | I98: =I93*$D12 -> 0 | J98: =J93*$D12 -> 0 | K98: =K93*$D12 -> 0 | ... AG98: =AG93*$D12 -> 9.0655562e-09
C99: PHEV - batt | D99: =D94*$D16 -> 0 | E99: =E94*$D16 -> 0 | F99: =F94*$D16 -> 0 | G99: =G94*$D16 -> 0 | H99: =H94*$D16 -> 0 | I99: =I94*$D16 -> 0 | J99: =J94*$D16 -> 0 | K99: =K94*$D16 -> 0 | ... AG99: =AG94*$D16 -> 1073.543
C100: Stat. Batteries | D100: =D95*$D19 -> 0 | E100: =E95*$D19 -> 373.933 | F100: =F95*$D19 -> 373.933 | G100: =G95*$D19 -> 373.933 | H100: =H95*$D19 -> 373.933 | I100: =I95*$D19 -> 373.933 | J100: =J95*$D19 -> 373.933 | K100: =K95*$D19 -> 373.933 | ... AG100: =AG95*$D19 -> 614.97336
C101: Sum | D101: =SUM(D96:D100) -> 0 | E101: =SUM(E96:E100) -> 373.933 | F101: =SUM(F96:F100) -> 373.933 | G101: =SUM(G96:G100) -> 373.933 | H101: =SUM(H96:H100) -> 373.933 | I101: =SUM(I96:I100) -> 373.933 | J101: =SUM(J96:J100) -> 373.933 | K101: =SUM(K96:K100) -> 373.933 | ... AG101: =SUM(AG96:AG100) -> 22672.341
...

Sheet Data Non-Energy-Sector
A1: Demand in Non-Energy Sectors
A3: Resource | B3: Subsectors | C3: NACE-Code 4 digits | D3: NACE-Code 3-digits | E3: Share | F3: Reference | G3: Lifetime | H3: Reference | I3: Recycling | M3: Reference | N3: Comment
I4: 2020 | J4: 1990 | K4: mod 2050 | L4: amb 2050
A5: Cadmium | B5: Batteries | C5: C2720 | D5: C272 - Manufacture of batteries and accumulators | E5: 0.8 | F5: [9] | G5: =G57 -> 5 | H5: own assumption based on 'Lithium - Batteries' | I5: 0.15 | J5: 0 | K5: 0.15 | L5: 0.8 | M5: [8]
B6: Pigments | C6: C2030 | D6: C203 - Manufacture of paints, varnishes and similar coatings, printing ink and mastics | E6: 0.11 | G6: =G22 -> 1 | H6: own assumption based on 'Cobalt - Tyre adhesives and paint dryers' | I6: 0 | J6: 0 | K6: 0 | L6: 0 | N6: no Recycling (Selenium - Pigments)
B7: Coatings | C7: C2561 | D7: C256 - Treatment and coating of metals; machining | E7: 0.07 | G7: =G107 -> 15 | H7: own assumption based on 'Silver - parts like bearings' | I7: =I5 -> 0.15 | J7: 0 | K7: 0.15 | L7: 0.8
B8: Stabilisers | C8: C2059 | D8: C205 - Manufacture of other chemical products | E8: 0.02 | G8: =G59 -> 2 | H8: own assumption based on 'Lithium - Lubricants' | I8: =I5 -> 0.15 | J8: 0 | K8: 0.15 | L8: 0.8
A9: Cerium | B9: Autocatalyst | C9: C2932 | D9: C293 - Manufacture of parts and accessories for motor vehicles | E9: 0.35 | F9: [13] | G9: 12 | H9: own assumption | I9: 0.01 | J9: 0 | K9: 0.01 | L9: 0.8 | M9: [8]
B10: Glass & Ceramics | C10: C2310 | D10: C231 - Manufacture of glass and glass products | E10: 0.33 | G10: =G58 -> 8 | H10: own assumption based on 'Lithium - Glass & Ceramics' | I10: 0 | J10: 0 | K10: 0 | L10: 0 | N10: no Recycling (Lithium - Glass & Ceramics)
B11: Polishing Powders | C11: C2670 | D11: C267 - Manufacture of optical instruments and photographic equipment | E11: 0.11 | G11: 1 | H11: own assumption | I11: 0.01 | J11: 0 | K11: 0.01 | L11: 0.8
B12: Fluid Cracking Catalysts | C12: C1920 | D12: C192 - Manufacture of refined petroleum products | E12: 0.08 | G12: 2 | H12: [15] | I12: =I$11 -> 0.01 | J12: 0 | K12: 0.01 | L12: 0.8
B13: Metal | C13: C2410 | D13: C241 - Manufacture of basic iron and steel and of ferro-alloys | E13: 0.06 | G13: =G44 -> 13 | H13: own assumption based on 'Indium - Alloys/Compounds' | I13: =I$11 -> 0.01 | J13: 0 | K13: 0.01 | L13: 0.8
B14: Batteries | C14: C2720 | D14: C272 - Manufacture of batteries and accumulators | E14: 0.06 | G14: =G57 -> 5 | H14: own assumption based on 'Lithium - Batteries' | I14: =I$11 -> 0.01 | J14: 0 | K14: 0.01 | L14: 0.8
B15: Lighting | C15: C2740 | D15: C274 - Manufacture of electric lighting equipment | E15: 0.01 | G15: 6 | H15: [16] | I15: =I$11 -> 0.01 | J15: 0 | K15: 0.01 | L15: 0.8
A16: Cobalt | B16: Batteries | C16: C2720 | D16: C272 - Manufacture of batteries and accumulators | E16: 0.42 | F16: [13] | G16: 5 | H16: [17] | I16: 0.68 | J16: 0 | K16: 0.68 | L16: 0.8 | M16: [8]
B17: Superlloys, hardfacing/HSS and other alloy | C17: C2511/50/61/7 | D17: C25X - Manufacture of fabricated metal products, except machinery and equipment | E17: 0.23 | G17: 1 | H17: [15] | I17: =I$16 -> 0.68 | J17: 0 | K17: 0.68 | L17: 0.8
B18: Hard materials (carbides and diamond tools) | C18: C2573 | D18: C257 - Manufacture of cutlery, tools and general hardware | E18: 0.1 | G18: 1 | H18: [15] | I18: =I$16 -> 0.68 | J18: 0 | K18: 0.68 | L18: 0.8
B19: Catalysts | C19: C2013/59 | D19: C20X - Manufacture of chemicals and chemical products | E19: 0.07 | G19: 6 | H19: [15] | I19: =I$16 -> 0.68 | J19: 0 | K19: 0.68 | L19: 0.8
B20: Ceramic & Pigments | C20: C2012 | D20: C201 - Manufacture of basic chemicals, fertilisers and nitrogen compounds, plastics and synthetic rubber in primary forms | E20: 0.05 | G20: 1 | H20: [15] | I20: 0 | J20: 0 | K20: 0 | L20: 0 | N20: no Recycling (Zirconium - Ceramics)
B21: Magnets | C21: C2620/80 | C2711/90 | E21: 0.05 | G21: 10 | H21: [18] | I21: =I$16 -> 0.68 | J21: 0 | K21: 0.68 | L21: 0.8
B22: Tyre adhesives and paint dryers | C22: C2030/52 | D22: C20X - Manufacture of chemicals and chemical products | E22: 0.04 | G22: 1 | H22: [15] | I22: =I$16 -> 0.68 | J22: 0 | K22: 0.68 | L22: 0.8
B23: others | E23: 0.04 | G23: 1 | H23: [15] | I23: =I$16 -> 0.68 | J23: 0 | K23: 0.68 | L23: 0.8
A24: Dysprosium | B24: Air Conditioners | E24: 0.05 | F24: [10] | G24: 12 | H24: [10] | I24: 0.01 | J24: 0 | K24: 0.01 | L24: 0.8 | M24: [8]
B25: MRI Scanners | E25: 0.0167 | G25: 12 | H25: [10] | I25: =I$24 -> 0.01 | J25: 0 | K25: 0.01 | L25: 0.8
B26: Magnetic Separators | E26: 0.05 | G26: 20 | H26: [10] | I26: 0.01 | J26: 0 | K26: 0.01 | L26: 0.8
B27: Other Generators | E27: 0.0833 | G27: 20 | H27: [10] | I27: 0.01 | J27: 0 | K27: 0.01 | L27: 0.8
B28: Other Motors | E28: 0.5833 | G28: 13 | H28: [10] | I28: 0.01 | J28: 0 | K28: 0.01 | L28: 0.8
B29: Other NdFeB applications | E29: 0.2167 | G29: 10 | H29: [10] | I29: 0.01 | J29: 0 | K29: 0.01 | L29: 0.8
A30: Gadolinium | B30: Magnets | C30: C2599 | D30: C259 - Manufacture of other fabricated metal products | E30: 0.97 | F30: [13] | G30: 15 | H30: [16] | I30: 0.01 | J30: 0 | K30: 0.01 | L30: 0.8 | M30: [8]
B31: Medical and optical applications | C31: C2120 | D31: C212 - Manufacture of pharmaceutical preparations | E31: 0.03 | G31: 3 | H31: own assumption | I31: =I30 -> 0.01 | J31: 0 | K31: 0.01 | L31: 0.8
A32: Gallium | B32: Integrated Circuits | C32: C2610 | D32: C261 - Manufacture of electronic components and boards | E32: 0.74 | F32: [9] | G32: =G86 -> 7 | H32: own assumption based on 'Platinum - Electrical' | I32: 0.01 | J32: 0 | K32: 0.01 | L32: 0.8 | M32: [8]
B33: Lighting | C33: C2740 | D33: C274 - Manufacture of electric lighting equipment | E33: 0.26 | G33: =G45 -> 13 | H33: own assumption based on 'Indium - Semiconductors & LED' | I33: =I$32 -> 0.01 | J33: 0 | K33: 0.01 | L33: 0.8
B34: Magnets | E34: 0.03 | G34: =G30 -> 15 | H34: own assumption based on 'Gadolinium - Magnets' | I34: =I$32 -> 0.01 | J34: 0 | K34: 0.01 | L34: 0.8
B35: others | E35: 0.05 | G35: =G39 -> 5 | H35: own assumption based on 'Germanium - others' | I35: =I$32 -> 0.01 | J35: 0 | K35: 0.01 | L35: 0.8
A36: Germanium | B36: Polymer Catalyst | E36: 0.36 | F36: [9] | G36: =G60 -> 5 | H36: own assumption based on 'Lithium - Polymer Production' | I36: 0.01 | J36: 0 | K36: 0.01 | L36: 0.8 | M36: [8]
B37: Fibre Optics | C37: C2731 | D37: C273 - Manufacture of wiring and wiring devices | E37: 0.27 | G37: 14 | H37: [19] | I37: 0.01 | J37: 0 | K37: 0.01 | L37: 0.8
B38: Infrared Optics | C38: C2670 | D38: C267 - Manufacture of optical instruments and photographic equipment | E38: 0.26 | G38: 13 | H38: [19] | I38: 0.01 | J38: 0 | K38: 0.01 | L38: 0.8
B39: others | E39: 0.11 | G39: 5 | H39: [19] | I39: 0.01 | J39: 0 | K39: 0.01 | L39: 0.8
A40: Indium | B40: Flat Panel Display | C40: C2620 | D40: C262 - Manufacture of computers and peripheral equipment | E40: 0.61 | F40: [13] | G40: 7 | H40: [20] | I40: 0.01 | J40: 0 | K40: 0.01 | L40: 0.8 | M40: [8]
B41: Solders | C41: C2611 | D41: C261 - Manufacture of electronic components and boards | E41: 0.11 | G41: 13 | H41: [19] | I41: =I$40 -> 0.01 | J41: 0 | K41: 0.01 | L41: 0.8
B42: Thermal Interface Materials | C42: C2611 | D42: C261 - Manufacture of electronic components and boards | E42: 0.07 | G42: =G120 -> 18 | H42: own assumption based on 'Tellurium - Thermo electric devices' | I42: =I$40 -> 0.01 | J42: 0 | K42: 0.01 | L42: 0.8
B43: Batteries | C43: C2720 | D43: C272 - Manufacture of batteries and accumulators | E43: 0.05 | G43: =G57 -> 5 | H43: own assumption based on 'Lithium - Batteries' | I43: =I$40 -> 0.01 | J43: 0 | K43: 0.01 | L43: 0.8
B44: Alloys / Compunds | C44: C2445 | D44: C244 - Manufacture of basic precious and other non-ferrous metals | E44: 0.04 | G44: 13 | H44: [19] | I44: =I$40 -> 0.01 | J44: 0 | K44: 0.01 | L44: 0.8
B45: Semiconductors & LED | C45: C2611 | D45: C261 - Manufacture of electronic components and boards | E45: 0.03 | G45: 13 | H45: [19] | I45: =I$40 -> 0.01 | J45: 0 | K45: 0.01 | L45: 0.8
B46: others | E46: 0.09 | G46: 5 | H46: [19] | I46: =I$40 -> 0.01 | J46: 0 | K46: 0.01 | L46: 0.8
A47: Iridium | B47: Electrical | C47: C2611 | D47: C261 - Manufacture of electronic components and boards | E47: 0.27 | F47: [9] | G47: =G86 -> 7 | H47: own assumption based on 'Platinum - Electrical' | I47: 0.25 | J47: 0 | K47: 0.25 | L47: 0.8 | M47: [8]
B48: Electrochemical | C48: C2013 | D48: C201 - Manufacture of basic chemicals, fertilisers and nitrogen compounds, plastics and synthetic rubber in primary forms | E48: 0.25 | G48: =G19 -> 6 | H48: own assumption based on 'Cobalt - Catalysts' | I48: =I$47 -> 0.25 | J48: 0 | K48: 0.25 | L48: 0.8
B49: Chemical | C49: C2014 | D49: C201 - Manufacture of basic chemicals, fertilisers and nitrogen compounds, plastics and synthetic rubber in primary forms | E49: 0.11 | G49: 6 | H49: own assumption | I49: =I$47 -> 0.25 | J49: 0 | K49: 0.25 | L49: 0.8
B50: others | E50: 0.37 | G50: =G39 -> 5 | H50: own assumption based on 'Germanium - others' | I50: =I$47 -> 0.25 | J50: 0 | K50: 0.25 | L50: 0.8
A51: Lanthanum | B51: Fluid Cracking Catalysts | C51: C1920 | D51: C192 - Manufacture of refined petroleum products | E51: 0.67 | F51: [13] | G51: 2 | H51: [15] | I51: 0.01 | J51: 0 | K51: 0.01 | L51: 0.8 | M51: [8]
B52: Batteries | C52: C2720 | D52: C272 - Manufacture of batteries and accumulators | E52: 0.1 | G52: =G57 -> 5 | H52: own assumption based on 'Lithium - Batteries' | I52: =I$51 -> 0.01 | J52: 0 | K52: 0.01 | L52: 0.8
B53: Glass & Ceramics | C53: C2331 | D53: C233 - Manufacture of clay building materials | E53: 0.13 | G53: =G58 -> 8 | H53: own assumption based on 'Lithium - Glass & Ceramics' | I53: 0 | J53: 0 | K53: 0 | L53: 0 | N53: no Recycling (Lithium - Glass & Ceramics)
B54: Polishing Powders | C54: C2670 | D54: C267 - Manufacture of optical instruments and photographic equipment | E54: 0.05 | G54: 1 | H54: own assumption | I54: =I$51 -> 0.01 | J54: 0 | K54: 0.01 | L54: 0.8
B55: Metal | C55: C2410 | D55: C241 - Manufacture of basic iron and steel and of ferro-alloys | E55: 0.03 | G55: =G44 -> 13 | H55: own assumption based on 'Indium - Alloys/Compounds' | I55: =I$51 -> 0.01 | J55: 0 | K55: 0.01 | L55: 0.8
B56: Lighting | C56: C2740 | D56: C274 - Manufacture of electric lighting equipment | E56: 0.02 | G56: 6 | H56: [16] | I56: =I$51 -> 0.01 | J56: 0 | K56: 0.01 | L56: 0.8
A57: Lithium | B57: Batteries | C57: C2720 | D57: C272 - Manufacture of batteries and accumulators | E57: 0.39 | F57: [9] | G57: 5 | H57: [10] | I57: 0.01 | J57: 0 | K57: 0.01 | L57: 0.8 | M57: [8]
B58: Glass & Ceramics | C58: C2311/12/13/19/40 | D58: C23X - Manufacture of other non-metallic mineral products | E58: 0.3 | G58: 8 | H58: [10] | I58: 0 | J58: 0 | K58: 0 | L58: 0 | M58: [9] | N58: no Recycling possible
B59: Lubricants | C59: C2059 | D59: C205 - Manufacture of other chemical products | E59: 0.08 | G59: 2 | H59: [10] | I59: 0 | J59: 0 | K59: 0 | L59: 0
B60: Polymer Production | E60: 0.05 | G60: 5 | H60: [10] | I60: 0 | J60: 0 | K60: 0 | L60: 0
B61: Contious Casting Fluxes | C61: C2410/52 | D61: C24X - Manufacture of basic metals | E61: 0.05 | G61: 0 | H61: [10] | I61: 0 | J61: 0 | K61: 0 | L61: 0
B62: Air Treatement | E62: 0.02 | G62: 5 | H62: [10] | I62: 0 | J62: 0 | K62: 0 | L62: 0
B63: others | E63: 0.11 | G63: 10 | H63: [10] | I63: 0 | J63: 0 | K63: 0 | L63: 0
A64: Manganese | B64: Steel (all forms) | C64: C25 | D64: C25X - Manufacture of fabricated metal products, except machinery and equipment | E64: 0.88 | F64: [13] | G64: 15 | H64: own assumption | I64: 0.53 | J64: 0 | K64: 0.53 | L64: 0.8 | M64: [8]
B65: Non-Steel Alloys | C65: C2592 | D65: C259 - Manufacture of other fabricated metal products | E65: 0.065 | G65: 15 | H65: own assumption | I65: =I$64 -> 0.53 | J65: 0 | K65: 0.53 | L65: 0.8
B66: Chemical Manufacture | C66: C2059 | D66: C205 - Manufacture of other chemical products | E66: 0.055 | G66: =G59 -> 2 | H66: own assumption based on 'Lithium - Lubricants' | I66: =I$64 -> 0.53 | J66: 0 | K66: 0.53 | L66: 0.8
A67: Neodymium | B67: Magnets | C67: C2599 | D67: C259 - Manufacture of other fabricated metal products | E67: 0.41 | F67: [9] | G67: 10 | H67: [10] | I67: 0.01 | J67: 0 | K67: 0.01 | L67: 0.8 | M67: [8]
B68: Ceramics | C68: C2331 | D68: C233 - Manufacture of clay building materials | E68: 0.12 | G68: 8 | H68: [10] | I68: 0 | J68: 0 | K68: 0 | L68: 0 | N68: no Recycling (Zirconium - Ceramics)
B69: Batteries | C69: C2720 | D69: C272 - Manufacture of batteries and accumulators | E69: 0.15 | G69: =G57 -> 5 | H69: own assumption based on 'Lithium - Batteries' | I69: =I$67 -> 0.01 | J69: 0 | K69: 0.01 | L69: 0.8
B70: Metal (excl. Batteries) | C70: C2410 | D70: C241 - Manufacture of basic iron and steel and of ferro-alloys | E70: 0.13 | G70: =G44 -> 13 | H70: own assumption based on 'Indium - Alloys/Compounds' | I70: =I$67 -> 0.01 | J70: 0 | K70: 0.01 | L70: 0.8
B71: Catalysts | C71: C2059 | D71: C205 - Manufacture of other chemical products | E71: 0.07 | G71: =G59 -> 2 | H71: own assumption based on 'Lithium - Lubricants' | I71: =I$67 -> 0.01 | J71: 0 | K71: 0.01 | L71: 0.8
B72: Glass | C72: C2310 | D72: C231 - Manufacture of glass and glass products | E72: 0.09 | G72: 8 | H72: [10] | I72: 0 | J72: 0 | K72: 0 | L72: 0 | N72: no Recycling (Lithium - Glass & Ceramics)
B73: Lasers | C73: C2670 | D73: C267 - Manufacture of optical instruments and photographic equipment | E73: 0.03 | G73: =G38 -> 13 | H73: own assumpion based on 'Germanium - Infrared Optics' | I73: =I$67 -> 0.01 | J73: 0 | K73: 0.01 | L73: 0.8
A74: Nickel | B74: Construction | C74: C2511 | D74: C251 - Manufacture of structural metal products | E74: 0.34 | F74: [13] | G74: 27 | H74: own assumption | I74: 0.6 | J74: 0 | K74: 0.6 | L74: 0.8 | M74: [8]
B75: Steel Alloys | C75: C2445 | D75: C244 - Manufacture of basic precious and other non-ferrous metals | E75: 0.16 | G75: =G44 -> 13 | H75: own assumption based on 'Indium - Alloys/Compounds' | I75: =I$74 -> 0.6 | J75: 0 | K75: 0.6 | L75: 0.8
B76: Batteries | C76: C2720 | D76: C272 - Manufacture of batteries and accumulators | E76: 0.16 | G76: =G57 -> 5 | H76: own assumption based on 'Lithium - Batteries' | I76: =I$74 -> 0.6 | J76: 0 | K76: 0.6 | L76: 0.8
B77: Compounds | D77: C201 - Manufacture of basic chemicals, fertilisers and nitrogen compounds, plastics and synthetic rubber in primary forms | E77: 0.13 | G77: =G44 -> 13 | H77: own assumption based on 'Indium - Alloys/Compounds' | I77: =I$74 -> 0.6 | J77: 0 | K77: 0.6 | L77: 0.8
B78: Plates | C78: C2813 | D78: C281 - Manufacture of general-purpose machinery | E78: 0.07 | G78: =G104 -> 15 | H78: own assumption based on 'Silver - Insutrial Machinery' | I78: =I$74 -> 0.6 | J78: 0 | K78: 0.6 | L78: 0.8
B79: Chassis Parts | C79: C2920 | D79: C292 - Manufacture of bodies (coachwork) for motor vehicles; manufacture of trailers and semi-trailers | E79: 0.05 | G79: 13 | H79: own assumption | I79: =I$74 -> 0.6 | J79: 0 | K79: 0.6 | L79: 0.8
B80: Steel frames for other Transport eq. | C80: C3099 | D80: C309 - Manufacture of transport equipment n.e.c. | E80: 0.05 | G80: 15 | H80: own assumption | I80: =I$74 -> 0.6 | J80: 0 | K80: 0.6 | L80: 0.8
B81: Leisure eq. | C81: C3230 | D81: C323 - Manufacture of sports goods | E81: 0.04 | G81: 5 | H81: own assumption | I81: =I$74 -> 0.6 | J81: 0 | K81: 0.6 | L81: 0.8
A82: Platinum | B82: Autocatalyst | C82: C2932 | D82: C293 - Manufacture of parts and accessories for motor vehicles | E82: 0.41 | F82: [13] | G82: 12 | H82: own assumption | I82: 0.7 | J82: 0 | K82: 0.7 | L82: 0.8 | M82: [8]
B83: Jewellery | C83: C3212 | D83: C321 - Manufacture of jewellery, bijouterie and related articles | E83: 0.33 | G83: =G100 -> 30 | H83: own assumption based on 'Silver - Jewellery' | I83: =I$82 -> 0.7 | J83: 0 | K83: 0.7 | L83: 0.8
B84: Chemical | C84: C2013 | D84: C201 - Manufacture of basic chemicals, fertilisers and nitrogen compounds, plastics and synthetic rubber in primary forms | E84: 0.07 | G84: =G19 -> 6 | H84: own assumption based on 'Cobalt - Catalysts' | I84: =I$82 -> 0.7 | J84: 0 | K84: 0.7 | L84: 0.8
B85: Investement | E85: 0.05 | G85: 30 | H85: own assumption | I85: =I$82 -> 0.7 | J85: 0 | K85: 0.7 | L85: 0.8
B86: Electrical | C86: C2620/40/80 | D86: C26X - Manufacture of computer, electronic and optical products | E86: 0.03 | G86: 7 | H86: [20] | I86: =I$82 -> 0.7 | J86: 0 | K86: 0.7 | L86: 0.8
B87: Fluid Cracking Catalysts (Petroleum) | C87: C1920 | D87: C192 - Manufacture of refined petroleum products | E87: 0.02 | G87: 2 | H87: [15] | I87: =I$82 -> 0.7 | J87: 0 | K87: 0.7 | L87: 0.8
B88: Glass Manufacture | C88: C2311 | D88: C231 - Manufacture of glass and glass products | E88: 0.02 | G88: =G58 -> 8 | H88: own assumption based on 'Lithium - Glass & Ceramics' | I88: 0 | J88: 0 | K88: 0 | L88: 0 | N88: no Recycling (Lithium - Glass & Ceramics)
B89: Medical | C89: C3250 | D89: C325 - Manufacture of medical and dental instruments and supplies | E89: 0.02 | G89: 3 | H89: own assumption | I89: =I$82 -> 0.7 | J89: 0 | K89: 0.7 | L89: 0.8
B90: others | E90: 0.05 | G90: =G39 -> 5 | H90: own assumption based on 'Germanium - others' | I90: =I$82 -> 0.7 | J90: 0 | K90: 0.7 | L90: 0.8
A91: Potassium | B91: Fertisliser | C91: C2015 | D91: C201 - Manufacture of basic chemicals, fertilisers and nitrogen compounds, plastics and synthetic rubber in primary forms | E91: 0.92 | F91: [13] | G91: 1 | H91: own assumption | I91: 0 | J91: 0 | K91: 0 | L91: 0 | M91: [8] | N91: no Recycling possible
B92: Chemical Manufacture | C92: C2013 | D92: C201 - Manufacture of basic chemicals, fertilisers and nitrogen compounds, plastics and synthetic rubber in primary forms | E92: 0.08 | G92: =G19 -> 6 | H92: own assumption based on 'Cobalt - Catalysts' | I92: 0 | J92: 0 | K92: 0 | L92: 0.8
A93: Scandium | B93: Alloys | C93: C2511 | D93: C251 - Manufacture of structural metal products | E93: 1 | F93: [9] | G93: =G44 -> 13 | H93: own assumption based on 'Indium - Alloys/Compounds' | I93: 0.01 | J93: 0 | K93: 0.01 | L93: 0.8 | M93: [8]
A94: Selenium | B94: Metallurgy | C94: C2511/99 | D94: C25X - Manufacture of fabricated metal products, except machinery and equipment | E94: 0.4 | F94: [13] | G94: 30 | H94: own assumption | I94: 0.05 | J94: 0 | K94: 0.05 | L94: 0.8 | M94: [8]
B95: Glass Manufacture | C95: C2311/13/19 | D95: C231 - Manufacture of glass and glass products | E95: 0.25 | G95: =G58 -> 8 | H95: own assumption based on 'Lithium - Glass & Ceramics' | I95: =I$94 -> 0.05 | J95: 0 | K95: 0.05 | L95: 0.8
B96: Electronics | C96: C2611/60/70 | D96: C26X - Manufacture of computer, electronic and optical products | E96: 0.1 | G96: =G86 -> 7 | H96: own assumption based on 'Platinum - Electrical' | I96: =I$94 -> 0.05 | J96: 0 | K96: 0.05 | L96: 0.8
B97: Pigments | C97: C2012 | D97: C201 - Manufacture of basic chemicals, fertilisers and nitrogen compounds, plastics and synthetic rubber in primary forms | E97: 0.1 | G97: =G20 -> 1 | H97: own assumption based on 'Cobalt - Ceramic & Pigments' | I97: 0 | J97: 0 | K97: 0 | L97: 0 | M97: [9]
B98: Agriculture /Biological Products (Fertiliser) | C98: C2015 | D98: C201 - Manufacture of basic chemicals, fertilisers and nitrogen compounds, plastics and synthetic rubber in primary forms | E98: 0.1 | G98: 1 | H98: own assumption | I98: 0 | J98: 0 | K98: 0 | L98: 0 | N98: no Recycling possible
B99: Chemical Manufacture | C99: C2059 | D99: C205 - Manufacture of other chemical products | E99: 0.02 | G99: =G59 -> 2 | H99: own assumption based on 'Lithium - Lubricants' | I99: 0 | J99: 0 | K99: 0 | L99: 0
A100: Silver | B100: Jewellery | C100: C3212 | D100: C321 - Manufacture of jewellery, bijouterie and related articles | E100: 0.31 | F100: [13] | G100: 30 | H100: [21] | I100: 0.4 | J100: 0 | K100: 0.4 | L100: 0.8 | M100: [8]
B101: Photograph | C101: C2013 | D101: C201 - Manufacture of basic chemicals, fertilisers and nitrogen compounds, plastics and synthetic rubber in primary forms | E101: 0.18 | G101: 1 | H101: own assumption | I101: 0 | J101: 0 | K101: 0 | L101: 0 | N101: no Recycling possible
...

Sheet Data_Junne
A1: Production
B3: Reference | C3: 1994 | D3: 1995 | E3: 1996 | F3: 1997 | G3: 1998 | H3: 1999 | I3: 2000 | J3: 2001 | K3: 2002 | L3: 2003 | M3: 2004 | N3: 2005 | O3: 2006 | P3: 2007 | Q3: 2008 | R3: 2009 | S3: 2010 | T3: 2011 | U3: 2012 | V3: 2013 | W3: 2014 | X3: 2015 | Y3: 2016 | Z3: 2017 | AA3: 2018
A4: Cobalt_Junne | B4: [1] | C4: 18500 | D4: 22100 | E4: 27000 | F4: 27000 | G4: 26300 | H4: 29900 | I4: 33300 | J4: 36700 | K4: 47600 | L4: 48400 | M4: 52400 | N4: 57900 | O4: 67500 | P4: 65500 | Q4: 75900 | R4: 72300 | S4: 89500 | T4: 109000 | U4: 103000 | V4: 110000 | W4: 123000 | X4: 126000 | Y4: 111000 | Z4: 120000 | AA4: 148000
A5: Lithium_Junne | B5: [1] | C5: 6100 | D5: 6300 | E5: 11000 | F5: 14000 | G5: 15000 | H5: 14000 | I5: 14000 | J5: 15100 | K5: 14200 | L5: 15100 | M5: 20200 | N5: 20600 | O5: 23500 | P5: 25800 | Q5: 25400 | R5: 18800 | S5: 28100 | T5: 34100 | U5: 35000 | V5: 34000 | W5: 31700 | X5: 31500 | Y5: 38000 | Z5: 69000 | AA5: 95000
A6: REE | B6: [1] | C6: 64500 | D6: 79900 | E6: 84800 | F6: 79700 | G6: 76600 | H6: 82000 | I6: 83500 | J6: 83500 | K6: 98300 | L6: 99100 | M6: 102000 | N6: 123000 | O6: 123000 | P6: 124000 | Q6: 124000 | R6: 133000 | S6: 133000 | T6: 111000 | U6: 110000 | V6: 110000 | W6: 123000 | X6: 130000 | Y6: 129000 | Z6: 132000 | AA6: 190000
A9: Economic Values
B11: Reference | C11: Unit | D11: 1990 | E11: 1991 | F11: 1992 | G11: 1993 | H11: 1994 | I11: 1995 | J11: 1996 | K11: 1997 | L11: 1998 | M11: 1999 | N11: 2000 | O11: 2001 | P11: 2002 | Q11: 2003 | R11: 2004 | S11: 2005 | T11: 2006 | U11: 2007 | V11: 2008 | W11: 2009 | X11: 2010 | Y11: 2011 | Z11: 2012 | AA11: 2013 | AB11: 2014 | AC11: 2015 | AD11: 2016 | AE11: 2017 | AF11: 2018 | AG11: 2019 | AH11: 2020 | AI11: 2021 | AJ11: 2022 | AK11: 2023 | AL11: 2024 | AM11: 2025 | AN11: 2026 | AO11: 2027 | AP11: 2028 | AQ11: 2029 | AR11: 2030 | AS11: 2031 | AT11: 2032 | AU11: 2033 | AV11: 2034 | AW11: 2035 | AX11: 2036 | AY11: 2037 | AZ11: 2038 | BA11: 2039 | BB11: 2040 | BC11: 2041 | BD11: 2042 | BE11: 2043 | BF11: 2044 | BG11: 2045 | BH11: 2046 | BI11: 2047 | BJ11: 2048 | BK11: 2049 | BL11: 2050
A12: GDP | B12: [15] | C12: $2018 | H12: 2.7775144e+13 | I12: 3.0871299e+13 | J12: 3.1554612e+13 | K12: 3.1439654e+13 | L12: 3.1378238e+13 | M12: 3.254267e+13 | N12: 3.3587694e+13 | O12: 3.3395802e+13 | P12: 3.4673852e+13 | Q12: 3.8902298e+13 | R12: 4.3816539e+13 | S12: 4.7457385e+13 | T12: 5.1448273e+13 | U12: 5.7968336e+13 | V12: 6.3611588e+13 | W12: 6.0334107e+13 | X12: 6.6051181e+13 | Y12: 7.3393152e+13 | Z12: 7.5085088e+13 | AA12: 7.7236276e+13 | AB12: 7.9332625e+13 | AC12: 75049412247228 | AD12: 7.6163841e+13 | AE12: 8.0950588e+13 | AF12: 8.5909727e+13
A13: GDP Growth | B13: [15] | C13: % | D13: 0.029031087 | E13: 0.014189821 | F13: 0.01767917 | G13: 0.019197217 | H13: 0.030093413 | I13: 0.030198107 | J13: 0.033850488 | K13: 0.037021175 | L13: 0.02531203 | M13: 0.032543355 | N13: 0.043891329 | O13: 0.01914173 | P13: 0.021574361 | Q13: 0.029053348 | R13: 0.044482888 | S13: 0.038298695 | T13: 0.043059442 | U13: 0.042291088 | V13: 0.018201778 | W13: -0.017351832 | X13: 0.043121769 | Y13: 0.031815369 | Z13: 0.025069382 | AA13: 0.026158898 | AB13: 0.028558724 | AC13: 0.028556781 | AD13: 0.025059089 | AE13: 0.031525283 | AF13: 0.031964547 | AG13: 0.031964547 | AH13: 0.031964547 | AI13: 0.031964547 | AJ13: 0.031964547 | AK13: 0.031964547 | AL13: 0.031964547 | AM13: 0.031964547 | AN13: 0.031964547 | AO13: 0.031964547 | AP13: 0.031964547 | AQ13: 0.031964547 | AR13: 0.031964547 | AS13: 0.031964547 | AT13: 0.031964547 | AU13: 0.031964547 | AV13: 0.031964547 | AW13: 0.031964547 | AX13: 0.031964547 | AY13: 0.031964547 | AZ13: 0.031964547 | BA13: 0.031964547 | BB13: 0.031964547 | BC13: 0.031964547 | BD13: 0.031964547 | BE13: 0.031964547 | BF13: 0.031964547 | BG13: 0.031964547 | BH13: 0.031964547 | BI13: 0.031964547 | BJ13: 0.031964547 | BK13: 0.031964547 | BL13: 0.031964547
A16: Recycled Content
B18: in % | C18: Reference | D18: 1994 | E18: 2011 | F18: 2015
A19: Cobalt_Junne | C19: [15] | D19: 0 | E19: 0.32 | F19: 0.4
A20: Dysprosium_Junne | C20: [15] | D20: 0 | E20: 0.05 | F20: 0.15
A21: Lithium_Junne | C21: [15] | D21: 0 | E21: 0.01 | F21: 0.1
A22: Neodym_Junne | C22: [15] | D22: 0 | E22: 0.05 | F22: 0.15
A25: Recycling
B27: in % | C27: Reference | D27: 1990 | E27: 2020 | F27: mod. 2050 | G27: amb. 2050
A28: Cobalt_Junne | B28: Batteries and Alloys | C28: [15] | D28: 0 | E28: 0.4 | F28: 0.4 | G28: 0.95
B29: Rest of Sub-Sectors | C29: [15] | D29: 0 | E29: 0.25 | F29: 0.25 | G29: 0.9
A30: Dysprosium_Junne | C30: [15] | D30: 0 | E30: 0 | F30: 0 | G30: 0
A31: Lithium_Junne | C31: [15] | D31: 0 | E31: 0 | F31: 0 | G31: 0
A32: Neodym_Junne | C32: [15] | D32: 0 | E32: 0 | F32: 0 | G32: 0
A35: REE-Factors
B37: in % | C37: Reference
A38: Dysprosium_Junne | B38: Share in REE Production | C38: [15] | D38: 0.009
B39: Conversion Factor Oxide to Element | C39: [15] | D39: 0.8713
A40: Neodym_Junne | B40: Share in REE Production | C40: [15] | D40: 0.162
B41: Conversion Factor Oxide to Element | C41: [15] | D41: 0.9334
A44: Non-Energy-Sector
B46: Subsectors | C46: Share in % | D46: Lifetime | E46: Growth Rates % | F46: Reference
A47: Cobalt_Junne | B47: Batteries | C47: 0.42 | D47: 5 | E47: 0.05 | F47: [15]
B48: Superalloys, hardfacing/HSS and other alloy | C48: 0.23 | D48: 1 | E48: 0.034
B49: Hard materials (carbides and diamond tools) | C49: 0.1 | D49: 1 | E49: 0.0264
B50: Catalysts | C50: 0.07 | D50: 1 | E50: -0.002
B51: Ceramics and Pigments | C51: 0.05 | D51: 1 | E51: -0.0079
B52: Magnets | C52: 0.05 | D52: 10 | E52: -0.0227
B53: Tyre adhesives and paint dryers | C53: 0.04 | D53: 1 | E53: -0.0144
B54: Others | C54: 0.04 | D54: 6 | E54: -0.0144
A55: Dysprosium_Junne | B55: Air conditioners | C55: 0.049997667 | D55: 12 | E55: 0.09 | F55: [15]
B56: MRI scanners | C56: 0.016665889 | D56: 12 | E56: -0.08
B57: HDD (motors) | C57: 2.3332244e-05 | D57: 6 | E57: -0.03
B58: Acoustic transducers (e.g. speakers) | C58: 2.3332244e-05 | D58: 8 | E58: -0.02
B59: Magnetic Separators | C59: 0.049997667 | D59: 20 | E59: 0.01
B60: Other generators | C60: 0.083329445 | D60: 20 | E60: 0
B61: Other motors | C61: 0.58330611 | D61: 13 | E61: 0.1
B62: Other NdFeB applications | C62: 0.21665656 | D62: 10 | E62: 0.08
A63: Neodymium_Junne | B63: Air conditioners | C63: 0.025 | D63: 12 | E63: 0.09 | F63: [15]
B64: MRI scanners | C64: 0.0125 | D64: 12 | E64: -0.08
B65: HDD (motors) | C65: 0.175 | D65: 6 | E65: -0.03
B66: Acoustic transducers (e.g. speakers) | C66: 0.075 | D66: 8 | E66: -0.02
B67: Magnetic Separators | C67: 0.0375 | D67: 10 | E67: 0.01
B68: Other generators | C68: 0.0375 | D68: 20 | E68: 0
B69: Other motors | C69: 0.3 | D69: 13 | E69: 0.1
B70: Other NdFeB applications | C70: 0.1875 | D70: 10 | E70: 0.08
B71: Ceramics and glasses | C71: 0.0375 | D71: 8 | E71: 0.025
B72: Other applications | C72: 0.1125 | D72: 10 | E72: 0.025
B74: Subsectors | C74: Share in % | R74: Lifetime | S74: Growth Rate % | T74: Reference
C75: 2006 | D75: 2007 | E75: 2008 | F75: 2009 | G75: 2010 | H75: 2011 | I75: 2012 | J75: 2013 | K75: 2014 | L75: 2015 | M75: 2016 | N75: 2017 | O75: 2018 | P75: 2019 | Q75: 2020
A76: Lithium_Junne | B76: Batteries | C76: 0.19 | D76: 0.2 | E76: 0.25 | F76: 0.23 | G76: 0.23 | H76: 0.27 | I76: 0.22 | J76: 0.29 | K76: 0.31 | L76: 0.35 | M76: 0.39 | N76: 0.46 | O76: 0.555 | P76: 0.65 | R76: 5 | S76: 0.06 | T76: [15]
B77: of which demand for energy applications | C77: 0 | D77: 0 | E77: 0 | F77: 0 | G77: 0 | L77: 0.28888889
B78: of which demand for non-energy applications
B79: Ceramics and glasses | C79: 0.21 | D79: 0.21 | E79: 0.18 | F79: 0.31 | G79: 0.31 | H79: 0.29461365 | I79: 0.3078565 | J79: 0.36859953 | K79: 0.37712266 | L79: 0.35599506 | R79: 8 | S79: 0.08
B80: Lubricating greases | C80: 0.16 | D80: 0.16 | E80: 0.12 | F80: 0.1 | G80: 0.09 | H80: 0.1219091 | I80: 0.11288072 | J80: 0.094782737 | K80: 0.086199466 | L80: 0.10012361 | R80: 2 | S80: -0.01
B81: Polymer production | C81: 0.07 | D81: 0.07 | E81: 0.05 | F81: 0 | G81: 0.04 | H81: 0.030477274 | I81: 0.03078565 | J81: 0.052657076 | K81: 0.053874666 | L81: 0.044499382 | R81: 5 | S81: -0.16
B82: Continuous casting mold flux powders | C82: 0 | D82: 0 | E82: 0.03 | F82: 0.04 | G82: 0.04 | H82: 0.050795457 | I82: 0.041047533 | J82: 0.063188491 | K82: 0.064649599 | L82: 0.055624227 | R82: 0 | S82: 0.12
B83: Air treatment | C83: 0.08 | D83: 0.08 | E83: 0.06 | F83: 0.05 | G83: 0.06 | H83: 0.040636365 | I83: 0.041047533 | J83: 0.052657076 | K83: 0.053874666 | L83: 0.055624227 | R83: 5 | S83: -0.05
B84: Other uses | C84: 0.29 | D84: 0.29 | E84: 0.31 | F84: 0.27 | G84: 0.23 | H84: 0.20318183 | I84: 0.26680896 | J84: 0.11584557 | K84: 0.10774933 | L84: 0.11124845 | R84: 10 | S84: 0.1

Sheet Cadmium
A1: TYPE
A2: HI | B2: =MID(CELL("Dateiname",$B$2),FIND("]", CELL("Dateiname",$B$2))+1,31)&" HI" -> #VALUE! | C2: unit | D2: 1990 | E2: =D2+1 -> 1991 | F2: =E2+1 -> 1992 | G2: =F2+1 -> 1993 | H2: =G2+1 -> 1994 | I2: =H2+1 -> 1995 | J2: =I2+1 -> 1996 | K2: =J2+1 -> 1997 | L2: =K2+1 -> 1998 | ... DJ2: =DI2+1 -> 2100 | DK2: Python does not read anything right of this line!
A3: HI | B3: ='Data Non-Energy-Sector'!B5 -> Batteries | C3: t/a | D3: =D95 -> 13410.277 | E3: =E95 -> 13794.086 | F3: =F95 -> 14002.4 | G3: =G95 -> 14251.491 | H3: =H95 -> 14464.407 | I3: =I95 -> 15186.824 | J3: =J95 -> 15949.625 | K3: =K95 -> 17364.599 | ... DJ3: =DJ95 -> 465057.02
A4: HI | B4: ='Data Non-Energy-Sector'!B6 -> Pigments | C4: t/a | D4: =D96 -> 1843.9131 | E4: =E96 -> 1896.6868 | F4: =F96 -> 1925.33 | G4: =G96 -> 1959.58 | H4: =H96 -> 1988.856 | I4: =I96 -> 2088.1884 | J4: =J96 -> 2193.0734 | K4: =K96 -> 2387.6324 | ... DJ4: =DJ96 -> 63945.34
A5: HI | B5: ='Data Non-Energy-Sector'!B7 -> Coatings | C5: t/a | D5: =D97 -> 1173.3993 | E5: =E97 -> 1206.9825 | F5: =F97 -> 1225.21 | G5: =G97 -> 1247.0055 | H5: =H97 -> 1265.6357 | I5: =I97 -> 1328.8471 | J5: =J97 -> 1395.5922 | K5: =K97 -> 1519.4024 | ... DJ5: =DJ97 -> 40692.489
A6: HI | B6: ='Data Non-Energy-Sector'!B8 -> Stabilisers | C6: t/a | D6: =D98 -> 335.25693 | E6: =E98 -> 344.85215 | F6: =F98 -> 350.05999 | G6: =G98 -> 356.28727 | H6: =H98 -> 361.61019 | I6: =I98 -> 379.67061 | J6: =J98 -> 398.74062 | K6: =K98 -> 434.11498 | ... DJ6: =DJ98 -> 11626.425
A7: HI | B7: - | C7: t/a
A8: HI | B8: - | C8: t/a
A9: HI | B9: - | C9: t/a
A10: HI | B10: - | C10: t/a
A11: HI | B11: - | C11: t/a
A12: HI | B12: - | C12: t/a
A13: HI | B13: - | C13: t/a
A14: HI | B14: - | C14: t/a
A15: HI | B15: - | C15: t/a
A16: HI | B16: - | C16: t/a
A17: HI | B17: - | C17: t/a
A18: HI | B18: - | C18: t/a
... A22: HI | B22: - | C22: t/a
B23: Total | C23: t/a | D23: =SUM(D3:D22) -> 16762.847 | E23: =SUM(E3:E22) -> 17242.608 | F23: =SUM(F3:F22) -> 17503 | G23: =SUM(G3:G22) -> 17814.364 | H23: =SUM(H3:H22) -> 18080.509 | I23: =SUM(I3:I22) -> 18983.53 | J23: =SUM(J3:J22) -> 19937.031 | K23: =SUM(K3:K22) -> 21705.749 | ... DJ23: =SUM(DJ3:DJ22) -> 581321.27
A25: LO | B25: =MID(CELL("Dateiname",$B$2),FIND("]", CELL("Dateiname",$B$2))+1,31)&" LO" -> #VALUE! | C25: =C2 -> unit | D25: =D2 -> 1990 | E25: =E2 -> 1991 | F25: =F2 -> 1992 | G25: =G2 -> 1993 | H25: =H2 -> 1994 | I25: =I2 -> 1995 | J25: =J2 -> 1996 | ... DJ25: =DJ2 -> 2100
A26: LO | B26: =B3 -> Batteries | C26: =C3 -> t/a | D26: =D3 -> 13410.277 | E26: =E3 -> 13794.086 | F26: =F3 -> 14002.4 | G26: =G3 -> 14251.491 | H26: =H3 -> 14464.407 | I26: =I3 -> 15186.824 | ... AF26: =AF3 -> 36398.255 | AG26: =AG100 -> 36261.914 | AH26: =AH100 -> 37422.295 | AI26: =AI100 -> 38619.809 | AJ26: =AJ100 -> 39855.642 | AK26: =AK100 -> 41131.023 | AL26: =AL100 -> 42447.216 | AM26: =AM100 -> 43805.527 | AN26: =AN100 -> 45207.303 | ... DJ26: =DJ100 -> 465057.02
A27: LO | B27: =B4 -> Pigments | C27: =C4 -> t/a | D27: =D4 -> 1843.9131 | E27: =E4 -> 1896.6868 | F27: =F4 -> 1925.33 | G27: =G4 -> 1959.58 | H27: =H4 -> 1988.856 | I27: =I4 -> 2088.1884 | ... AF27: =AF4 -> 5004.7601 | AG27: =AG101 -> 4986.0132 | AH27: =AH101 -> 5145.5656 | AI27: =AI101 -> 5310.2237 | AJ27: =AJ101 -> 5480.1508 | AK27: =AK101 -> 5655.5157 | AL27: =AL101 -> 5836.4922 | AM27: =AM101 -> 6023.2599 | AN27: =AN101 -> 6216.0042 | ... DJ27: =DJ101 -> 63945.34
A28: LO | B28: =B5 -> Coatings | C28: =C5 -> t/a | D28: =D5 -> 1173.3993 | E28: =E5 -> 1206.9825 | F28: =F5 -> 1225.21 | G28: =G5 -> 1247.0055 | H28: =H5 -> 1265.6357 | I28: =I5 -> 1328.8471 | ... AF28: =AF5 -> 3184.8473 | AG28: =AG102 -> 3172.9175 | AH28: =AH102 -> 3274.4508 | AI28: =AI102 -> 3379.2332 | AJ28: =AJ102 -> 3487.3687 | AK28: =AK102 -> 3598.9645 | AL28: =AL102 -> 3714.1314 | AM28: =AM102 -> 3832.9836 | AN28: =AN102 -> 3955.6391 | ... DJ28: =DJ102 -> 40692.489
A29: LO | B29: =B6 -> Stabilisers | C29: =C6 -> t/a | D29: =D6 -> 335.25693 | E29: =E6 -> 344.85215 | F29: =F6 -> 350.05999 | G29: =G6 -> 356.28727 | H29: =H6 -> 361.61019 | I29: =I6 -> 379.67061 | ... AF29: =AF6 -> 909.95638 | AG29: =AG103 -> 906.54785 | AH29: =AH103 -> 935.55738 | AI29: =AI103 -> 965.49521 | AJ29: =AJ103 -> 996.39106 | AK29: =AK103 -> 1028.2756 | AL29: =AL103 -> 1061.1804 | AM29: =AM103 -> 1095.1382 | AN29: =AN103 -> 1130.1826 | ... DJ29: =DJ103 -> 11626.425
A30: LO | B30: =B7 -> - | C30: =C7 -> t/a
A31: LO | B31: =B8 -> - | C31: =C8 -> t/a
A32: LO | B32: =B9 -> - | C32: =C9 -> t/a
A33: LO | B33: =B10 -> - | C33: =C10 -> t/a
A34: LO | B34: =B11 -> - | C34: =C11 -> t/a
A35: LO | B35: =B12 -> - | C35: =C12 -> t/a
A36: LO | B36: =B13 -> - | C36: =C13 -> t/a
A37: LO | B37: =B14 -> - | C37: =C14 -> t/a
A38: LO | B38: =B15 -> - | C38: =C15 -> t/a
A39: LO | B39: =B16 -> - | C39: =C16 -> t/a
A40: LO | B40: =B17 -> - | C40: =C17 -> t/a
A41: LO | B41: =B18 -> - | C41: =C18 -> t/a
... A45: LO | B45: =B22 -> - | C45: =C22 -> t/a
B46: Total | C46: t/a | D46: =SUM(D26:D45) -> 16762.847 | E46: =SUM(E26:E45) -> 17242.608 | F46: =SUM(F26:F45) -> 17503 | G46: =SUM(G26:G45) -> 17814.364 | H46: =SUM(H26:H45) -> 18080.509 | I46: =SUM(I26:I45) -> 18983.53 | J46: =SUM(J26:J45) -> 19937.031 | K46: =SUM(K26:K45) -> 21705.749 | ... DJ46: =SUM(DJ26:DJ45) -> 581321.27
A48: RECY | B48: =MID(CELL("Dateiname",$B$2),FIND("]", CELL("Dateiname",$B$2))+1,31) -> #VALUE! | C48: temp | D48: recyMod1 | E48: recyMod2 | F48: recyMod3 | G48: recyMod4 | H48: recyMod5 | I48: recyMod6 | J48: recyMod7 | K48: recyAmb1 | L48: recyAmb2 | M48: recyAmb3 | N48: recyAmb4 | O48: recyAmb5 | P48: recyAmb6 | Q48: recyAmb7 | R48: tau | S48: growthrate
A49: RECY | B49: temp | C49: temp | D49: moderate recycling rates | K49: ambitious recycling rates | R49: other infos
A50: RECY | B50: =MID(CELL("Dateiname",$B$2),FIND("]", CELL("Dateiname",$B$2))+1,31)&" RECY" -> #VALUE! | C50: temp | D50: 1990 | E50: =D50+10 -> 2000 | F50: =E50+10 -> 2010 | G50: =F50+10 -> 2020 | H50: =G50+10 -> 2030 | I50: =H50+10 -> 2040 | J50: =I50+10 -> 2050 | K50: 1990 | L50: =K50+10 -> 2000 | M50: =L50+10 -> 2010 | N50: =M50+10 -> 2020 | O50: =N50+10 -> 2030 | P50: =O50+10 -> 2040 | Q50: =P50+10 -> 2050 | R50: tau | S50: growthrate
A51: RECY | B51: =B26 -> Batteries | C51: temp | D51: ='Data Non-Energy-Sector'!J5 -> 0 | E51: =(G51-D51)/(G$50-D$50)*(E$50-D$50)+D51 -> 0.05 | F51: =(G51-E51)/(G$50-E$50)*(F$50-E$50)+E51 -> 0.1 | G51: ='Data Non-Energy-Sector'!I5 -> 0.15 | H51: =(J51-G51)/(J$50-G$50)*(H$50-G$50)+G51 -> 0.15 | I51: =(J51-H51)/(J$50-H$50)*(I$50-H$50)+H51 -> 0.15 | J51: ='Data Non-Energy-Sector'!K5 -> 0.15 | K51: =D51 -> 0 | L51: =E51 -> 0.05 | M51: =F51 -> 0.1 | N51: =G51 -> 0.15 | O51: =(Q51-N51)/(Q$50-N$50)*(O$50-N$50)+N51 -> 0.36666667 | P51: =(Q51-O51)/(Q$50-O$50)*(P$50-O$50)+O51 -> 0.58333333 | Q51: ='Data Non-Energy-Sector'!L5 -> 0.8 | R51: ='Data Non-Energy-Sector'!G5 -> 5 | S51: =(AC26/N26)^(1/(AC$25-N$25))-1 -> 0.039754062
A52: RECY | B52: =B27 -> Pigments | C52: temp | D52: ='Data Non-Energy-Sector'!J6 -> 0 | E52: =(G52-D52)/(G$50-D$50)*(E$50-D$50)+D52 -> 0 | F52: =(G52-E52)/(G$50-E$50)*(F$50-E$50)+E52 -> 0 | G52: ='Data Non-Energy-Sector'!I6 -> 0 | H52: =(J52-G52)/(J$50-G$50)*(H$50-G$50)+G52 -> 0 | I52: =(J52-H52)/(J$50-H$50)*(I$50-H$50)+H52 -> 0 | J52: ='Data Non-Energy-Sector'!K6 -> 0 | K52: =D52 -> 0 | L52: =E52 -> 0 | M52: =F52 -> 0 | N52: =G52 -> 0 | O52: =(Q52-N52)/(Q$50-N$50)*(O$50-N$50)+N52 -> 0 | P52: =(Q52-O52)/(Q$50-O$50)*(P$50-O$50)+O52 -> 0 | Q52: ='Data Non-Energy-Sector'!L6 -> 0 | R52: ='Data Non-Energy-Sector'!G6 -> 1 | S52: =(AC27/N27)^(1/(AC$25-N$25))-1 -> 0.039754062
A53: RECY | B53: =B28 -> Coatings | C53: temp | D53: ='Data Non-Energy-Sector'!J7 -> 0 | E53: =(G53-D53)/(G$50-D$50)*(E$50-D$50)+D53 -> 0.05 | F53: =(G53-E53)/(G$50-E$50)*(F$50-E$50)+E53 -> 0.1 | G53: ='Data Non-Energy-Sector'!I7 -> 0.15 | H53: =(J53-G53)/(J$50-G$50)*(H$50-G$50)+G53 -> 0.15 | I53: =(J53-H53)/(J$50-H$50)*(I$50-H$50)+H53 -> 0.15 | J53: ='Data Non-Energy-Sector'!K7 -> 0.15 | K53: =D53 -> 0 | L53: =E53 -> 0.05 | M53: =F53 -> 0.1 | N53: =G53 -> 0.15 | O53: =(Q53-N53)/(Q$50-N$50)*(O$50-N$50)+N53 -> 0.36666667 | P53: =(Q53-O53)/(Q$50-O$50)*(P$50-O$50)+O53 -> 0.58333333 | Q53: ='Data Non-Energy-Sector'!L7 -> 0.8 | R53: ='Data Non-Energy-Sector'!G7 -> 15 | S53: =(AC28/N28)^(1/(AC$25-N$25))-1 -> 0.039754062
A54: RECY | B54: =B29 -> Stabilisers | C54: temp | D54: ='Data Non-Energy-Sector'!J8 -> 0 | E54: =(G54-D54)/(G$50-D$50)*(E$50-D$50)+D54 -> 0.05 | F54: =(G54-E54)/(G$50-E$50)*(F$50-E$50)+E54 -> 0.1 | G54: ='Data Non-Energy-Sector'!I8 -> 0.15 | H54: =(J54-G54)/(J$50-G$50)*(H$50-G$50)+G54 -> 0.15 | I54: =(J54-H54)/(J$50-H$50)*(I$50-H$50)+H54 -> 0.15 | J54: ='Data Non-Energy-Sector'!K8 -> 0.15 | K54: =D54 -> 0 | L54: =E54 -> 0.05 | M54: =F54 -> 0.1 | N54: =G54 -> 0.15 | O54: =(Q54-N54)/(Q$50-N$50)*(O$50-N$50)+N54 -> 0.36666667 | P54: =(Q54-O54)/(Q$50-O$50)*(P$50-O$50)+O54 -> 0.58333333 | Q54: ='Data Non-Energy-Sector'!L8 -> 0.8 | R54: ='Data Non-Energy-Sector'!G8 -> 2 | S54: =(AC29/N29)^(1/(AC$25-N$25))-1 -> 0.039754062
A55: RECY | B55: =B30 -> - | C55: temp
A56: RECY | B56: =B31 -> - | C56: temp
A57: RECY | B57: =B32 -> - | C57: temp
A58: RECY | B58: =B33 -> - | C58: temp
A59: RECY | B59: =B34 -> - | C59: temp
A60: RECY | B60: =B35 -> - | C60: temp
A61: RECY | B61: =B36 -> - | C61: temp
A62: RECY | B62: =B37 -> - | C62: temp
A63: RECY | B63: =B38 -> - | C63: temp
A64: RECY | B64: =B39 -> - | C64: temp
A65: RECY | B65: =B40 -> - | C65: temp
A66: RECY | B66: =B41 -> - | C66: temp
... A70: RECY | B70: =B45 -> - | C70: temp
E71: Python does not read anything below this line!
C77: unit | D77: 1990 | E77: 1991 | F77: 1992 | G77: 1993 | H77: 1994 | I77: 1995 | J77: 1996 | K77: 1997 | L77: 1998 | M77: 1999 | N77: 2000 | O77: 2001 | P77: 2002 | Q77: 2003 | R77: 2004 | S77: 2005 | T77: 2006 | U77: 2007 | V77: 2008 | W77: 2009 | X77: 2010 | Y77: 2011 | Z77: 2012 | AA77: 2013 | AB77: 2014 | AC77: 2015 | AD77: 2016 | AE77: 2017 | AF77: 2018 | AG77: 2019 | AH77: 2020 | AI77: 2021 | AJ77: 2022 | AK77: 2023 | AL77: 2024 | AM77: 2025 | AN77: 2026 | AO77: 2027 | AP77: 2028 | AQ77: 2029 | AR77: 2030 | AS77: 2031 | AT77: 2032 | AU77: 2033 | AV77: 2034 | AW77: 2035 | AX77: 2036 | AY77: 2037 | AZ77: 2038 | BA77: 2039 | BB77: 2040 | BC77: 2041 | BD77: 2042 | BE77: 2043 | BF77: 2044 | BG77: 2045 | BH77: 2046 | BI77: 2047 | BJ77: 2048 | BK77: 2049 | BL77: 2050 | BM77: 2051 | BN77: 2052 | BO77: 2053 | BP77: 2054 | BQ77: 2055 | BR77: 2056 | BS77: 2057 | BT77: 2058 | BU77: 2059 | BV77: 2060 | BW77: 2061 | BX77: 2062 | BY77: 2063 | BZ77: 2064 | CA77: 2065 | CB77: 2066 | CC77: 2067 | CD77: 2068 | CE77: 2069 | CF77: 2070 | CG77: 2071 | CH77: 2072 | CI77: 2073 | CJ77: 2074 | CK77: 2075 | CL77: 2076 | CM77: 2077 | CN77: 2078 | CO77: 2079 | CP77: 2080 | CQ77: 2081 | CR77: 2082 | CS77: 2083 | CT77: 2084 | CU77: 2085 | CV77: 2086 | CW77: 2087 | CX77: 2088 | CY77: 2089 | CZ77: 2090 | DA77: 2091 | DB77: 2092 | DC77: 2093 | DD77: 2094 | DE77: 2095 | DF77: 2096 | DG77: 2097 | DH77: 2098 | DI77: 2099 | DJ77: 2100
B78: Total Production | C78: t/a | D78: =E78/(1+D84) -> 16762.847 | E78: =F78/(1+E84) -> 17262.098 | F78: =G78/(1+F84) -> 17522.49 | G78: =H78/(1+G84) -> 17833.854 | H78: ='Framework Data'!H4 -> 18100 | I78: ='Framework Data'!I4 -> 18500 | J78: ='Framework Data'!J4 -> 18900 | K78: ='Framework Data'!K4 -> 20000 | L78: ='Framework Data'!L4 -> 19600 | M78: ='Framework Data'!M4 -> 19100 | N78: ='Framework Data'!N4 -> 19700 | O78: ='Framework Data'!O4 -> 18200 | ... AG78: ='Framework Data'!AG4 -> 25000
B79: Recycled Content | C79: Factor (0 to 1) | D79: =E79 -> 0 | E79: =F79 -> 0 | F79: =G79 -> 0 | G79: =H79 -> 0 | H79: ='Framework Data'!D69 -> 0 | I79: =($Y$79-$H$79)/($Y$77-$H$77)+H79 -> 0.026470588 | J79: =($Y$79-$H$79)/($Y$77-$H$77)+I79 -> 0.052941176 | K79: =($Y$79-$H$79)/($Y$77-$H$77)+J79 -> 0.079411765 | L79: =($Y$79-$H$79)/($Y$77-$H$77)+K79 -> 0.10588235 | M79: =($Y$79-$H$79)/($Y$77-$H$77)+L79 -> 0.13235294 | N79: =($Y$79-$H$79)/($Y$77-$H$77)+M79 -> 0.15882353 | O79: =($Y$79-$H$79)/($Y$77-$H$77)+N79 -> 0.18529412 | P79: =($Y$79-$H$79)/($Y$77-$H$77)+O79 -> 0.21176471 | ... X79: =($Y$79-$H$79)/($Y$77-$H$77)+W79 -> 0.42352941 | Y79: 0.45 | Z79: =($AG$79-$Y$79)/($AG$77-$Y$77)+Y79 -> 0.45 | AA79: =($AG$79-$Y$79)/($AG$77-$Y$77)+Z79 -> 0.45 | AB79: =($AG$79-$Y$79)/($AG$77-$Y$77)+AA79 -> 0.45 | AC79: =($AG$79-$Y$79)/($AG$77-$Y$77)+AB79 -> 0.45 | AD79: =($AG$79-$Y$79)/($AG$77-$Y$77)+AC79 -> 0.45 | AE79: =($AG$79-$Y$79)/($AG$77-$Y$77)+AD79 -> 0.45 | AF79: =($AG$79-$Y$79)/($AG$77-$Y$77)+AE79 -> 0.45 | AG79: 0.45
B80: Total Demand | C80: t/a | D80: =D78/(1-D79) -> 16762.847 | E80: =E78/(1-E79) -> 17262.098 | F80: =F78/(1-F79) -> 17522.49 | G80: =G78/(1-G79) -> 17833.854 | H80: =H78/(1-H79) -> 18100 | I80: =I78/(1-I79) -> 19003.021 | J80: =J78/(1-J79) -> 19956.522 | K80: =K78/(1-K79) -> 21725.24 | ... AG80: =AG78/(1-AG79) -> 45454.545
B81: Demand Energy Sector | C81: t/a | D81: ='Framework Data'!D5 -> 0 | E81: ='Framework Data'!E5 -> 19.490674 | F81: ='Framework Data'!F5 -> 19.490674 | G81: ='Framework Data'!G5 -> 19.490674 | H81: ='Framework Data'!H5 -> 19.490674 | I81: ='Framework Data'!I5 -> 19.490674 | J81: ='Framework Data'!J5 -> 19.490674 | K81: ='Framework Data'!K5 -> 19.490674 | ... AG81: ='Framework Data'!AG5 -> 127.15312
B82: Demand without Energy Sector | C82: t/a | D82: =D80-D81 -> 16762.847 | E82: =E80-E81 -> 17242.608 | F82: =F80-F81 -> 17503 | G82: =G80-G81 -> 17814.364 | H82: =H80-H81 -> 18080.509 | I82: =I80-I81 -> 18983.53 | J82: =J80-J81 -> 19937.031 | K82: =K80-K81 -> 21705.749 | ... AG82: =AG80-AG81 -> 45327.392
B83: GDP, PPP | C83: Int$ | D83: ='Framework Data'!D$57 -> 5.0950509e+13 | E83: ='Framework Data'!E$57 -> 5.1647195e+13 | F83: ='Framework Data'!F$57 -> 5.2470668e+13 | G83: ='Framework Data'!G$57 -> 5.3337589e+13 | H83: ='Framework Data'!H$57 -> 5.4833949e+13 | I83: ='Framework Data'!I$57 -> 5.6562297e+13 | J83: ='Framework Data'!J$57 -> 5.8705719e+13 | K83: ='Framework Data'!K$57 -> 6.0986321e+13 | ... AG83: ='Framework Data'!AG$57 -> 1.2979685e+14
B84: GDP Annual Growth | C84: % | D84: ='Framework Data'!D$60 -> 0.029783223 | E84: ='Framework Data'!E$60 -> 0.015084612 | F84: ='Framework Data'!F$60 -> 0.017769386 | G84: ='Framework Data'!G$60 -> 0.014923625 | H84: ='Framework Data'!H$60 -> 0.029467758 | I84: ='Framework Data'!I$60 -> 0.030206666 | J84: ='Framework Data'!J$60 -> 0.03430992 | K84: ='Framework Data'!K$60 -> 0.037078028 | ... AG84: ='Framework Data'!AG$60 -> 0.023355581
B85: GDP Annual Growth - "High" | C85: % | AG85: ='Framework Data'!AG$61 -> 0.032 | AH85: ='Framework Data'!AH$61 -> 0.032 | AI85: ='Framework Data'!AI$61 -> 0.032 | AJ85: ='Framework Data'!AJ$61 -> 0.032 | AK85: ='Framework Data'!AK$61 -> 0.032 | AL85: ='Framework Data'!AL$61 -> 0.032 | AM85: ='Framework Data'!AM$61 -> 0.032 | AN85: ='Framework Data'!AN$61 -> 0.032 | ... DJ85: ='Framework Data'!DJ$61 -> 0.032
B86: GDP Annual Growth - "Low" | C86: % | AG86: ='Framework Data'!AG$62 -> 0.032 | AH86: ='Framework Data'!AH$62 -> 0.032 | AI86: ='Framework Data'!AI$62 -> 0.032 | AJ86: ='Framework Data'!AJ$62 -> 0.032 | AK86: ='Framework Data'!AK$62 -> 0.032 | AL86: ='Framework Data'!AL$62 -> 0.032 | AM86: ='Framework Data'!AM$62 -> 0.032 | AN86: ='Framework Data'!AN$62 -> 0.032 | ... DJ86: ='Framework Data'!DJ$62 -> 0.032
B88: Demand from other sectors
B89: =B3 -> Batteries | C89: % | D89: =E89 -> 0.8 | E89: =F89 -> 0.8 | F89: =G89 -> 0.8 | G89: =H89 -> 0.8 | H89: =I89 -> 0.8 | I89: =J89 -> 0.8 | J89: =K89 -> 0.8 | K89: =L89 -> 0.8 | ... AF89: =AG89 -> 0.8 | AG89: 0.8
B90: =B4 -> Pigments | C90: % | D90: =E90 -> 0.11 | E90: =F90 -> 0.11 | F90: =G90 -> 0.11 | G90: =H90 -> 0.11 | H90: =I90 -> 0.11 | I90: =J90 -> 0.11 | J90: =K90 -> 0.11 | K90: =L90 -> 0.11 | ... AF90: =AG90 -> 0.11 | AG90: 0.11
B91: =B5 -> Coatings | C91: % | D91: =E91 -> 0.07 | E91: =F91 -> 0.07 | F91: =G91 -> 0.07 | G91: =H91 -> 0.07 | H91: =I91 -> 0.07 | I91: =J91 -> 0.07 | J91: =K91 -> 0.07 | K91: =L91 -> 0.07 | ... AF91: =AG91 -> 0.07 | AG91: 0.07
B92: =B6 -> Stabilisers | C92: % | D92: =E92 -> 0.02 | E92: =F92 -> 0.02 | F92: =G92 -> 0.02 | G92: =H92 -> 0.02 | H92: =I92 -> 0.02 | I92: =J92 -> 0.02 | J92: =K92 -> 0.02 | K92: =L92 -> 0.02 | ... AF92: =AG92 -> 0.02 | AG92: 0.02
B93: Demand from other sectors
B94: HI
B95: =B89 -> Batteries | C95: t/a | D95: =D$82*D89 -> 13410.277 | E95: =E$82*E89 -> 13794.086 | F95: =F$82*F89 -> 14002.4 | G95: =G$82*G89 -> 14251.491 | H95: =H$82*H89 -> 14464.407 | I95: =I$82*I89 -> 15186.824 | J95: =J$82*J89 -> 15949.625 | K95: =K$82*K89 -> 17364.599 | ... AG95: =AG$82*AG89 -> 36261.914 | AH95: =AG95*(1+AH$85) -> 37422.295 | AI95: =AH95*(1+AI$85) -> 38619.809 | AJ95: =AI95*(1+AJ$85) -> 39855.642 | AK95: =AJ95*(1+AK$85) -> 41131.023 | AL95: =AK95*(1+AL$85) -> 42447.216 | AM95: =AL95*(1+AM$85) -> 43805.527 | AN95: =AM95*(1+AN$85) -> 45207.303 | AO95: =AN95*(1+AO$85) -> 46653.937 | ... DJ95: =DI95*(1+DJ$85) -> 465057.02
B96: =B90 -> Pigments | C96: t/a | D96: =D$82*D90 -> 1843.9131 | E96: =E$82*E90 -> 1896.6868 | F96: =F$82*F90 -> 1925.33 | G96: =G$82*G90 -> 1959.58 | H96: =H$82*H90 -> 1988.856 | I96: =I$82*I90 -> 2088.1884 | J96: =J$82*J90 -> 2193.0734 | K96: =K$82*K90 -> 2387.6324 | ... AG96: =AG$82*AG90 -> 4986.0132 | AH96: =AG96*(1+AH$85) -> 5145.5656 | AI96: =AH96*(1+AI$85) -> 5310.2237 | AJ96: =AI96*(1+AJ$85) -> 5480.1508 | AK96: =AJ96*(1+AK$85) -> 5655.5157 | AL96: =AK96*(1+AL$85) -> 5836.4922 | AM96: =AL96*(1+AM$85) -> 6023.2599 | AN96: =AM96*(1+AN$85) -> 6216.0042 | AO96: =AN96*(1+AO$85) -> 6414.9164 | ... DJ96: =DI96*(1+DJ$85) -> 63945.34
B97: =B91 -> Coatings | C97: t/a | D97: =D$82*D91 -> 1173.3993 | E97: =E$82*E91 -> 1206.9825 | F97: =F$82*F91 -> 1225.21 | G97: =G$82*G91 -> 1247.0055 | H97: =H$82*H91 -> 1265.6357 | I97: =I$82*I91 -> 1328.8471 | J97: =J$82*J91 -> 1395.5922 | K97: =K$82*K91 -> 1519.4024 | ... AG97: =AG$82*AG91 -> 3172.9175 | AH97: =AG97*(1+AH$85) -> 3274.4508 | AI97: =AH97*(1+AI$85) -> 3379.2332 | AJ97: =AI97*(1+AJ$85) -> 3487.3687 | AK97: =AJ97*(1+AK$85) -> 3598.9645 | AL97: =AK97*(1+AL$85) -> 3714.1314 | AM97: =AL97*(1+AM$85) -> 3832.9836 | AN97: =AM97*(1+AN$85) -> 3955.6391 | AO97: =AN97*(1+AO$85) -> 4082.2195 | ... DJ97: =DI97*(1+DJ$85) -> 40692.489
B98: =B92 -> Stabilisers | C98: t/a | D98: =D$82*D92 -> 335.25693 | E98: =E$82*E92 -> 344.85215 | F98: =F$82*F92 -> 350.05999 | G98: =G$82*G92 -> 356.28727 | H98: =H$82*H92 -> 361.61019 | I98: =I$82*I92 -> 379.67061 | J98: =J$82*J92 -> 398.74062 | K98: =K$82*K92 -> 434.11498 | ... AG98: =AG$82*AG92 -> 906.54785 | AH98: =AG98*(1+AH$85) -> 935.55738 | AI98: =AH98*(1+AI$85) -> 965.49521 | AJ98: =AI98*(1+AJ$85) -> 996.39106 | AK98: =AJ98*(1+AK$85) -> 1028.2756 | AL98: =AK98*(1+AL$85) -> 1061.1804 | AM98: =AL98*(1+AM$85) -> 1095.1382 | AN98: =AM98*(1+AN$85) -> 1130.1826 | AO98: =AN98*(1+AO$85) -> 1166.3484 | ... DJ98: =DI98*(1+DJ$85) -> 11626.425
B99: LO
B100: =B89 -> Batteries | C100: t/a | D100: =D$82*D89 -> 13410.277 | E100: =E$82*E89 -> 13794.086 | F100: =F$82*F89 -> 14002.4 | G100: =G$82*G89 -> 14251.491 | H100: =H$82*H89 -> 14464.407 | I100: =I$82*I89 -> 15186.824 | J100: =J$82*J89 -> 15949.625 | K100: =K$82*K89 -> 17364.599 | ... AG100: =AG$82*AG89 -> 36261.914 | AH100: =AH95 -> 37422.295 | AI100: =AH100*(1+AI$86) -> 38619.809 | AJ100: =AI100*(1+AJ$86) -> 39855.642 | AK100: =AJ100*(1+AK$86) -> 41131.023 | AL100: =AK100*(1+AL$86) -> 42447.216 | AM100: =AL100*(1+AM$86) -> 43805.527 | AN100: =AM100*(1+AN$86) -> 45207.303 | AO100: =AN100*(1+AO$86) -> 46653.937 | AP100: =AO100*(1+AP$86) -> 48146.863 | ... DJ100: =DI100*(1+DJ$86) -> 465057.02
B101: =B90 -> Pigments | C101: t/a | D101: =D$82*D90 -> 1843.9131 | E101: =E$82*E90 -> 1896.6868 | F101: =F$82*F90 -> 1925.33 | G101: =G$82*G90 -> 1959.58 | H101: =H$82*H90 -> 1988.856 | I101: =I$82*I90 -> 2088.1884 | J101: =J$82*J90 -> 2193.0734 | K101: =K$82*K90 -> 2387.6324 | ... AG101: =AG$82*AG90 -> 4986.0132 | AH101: =AH96 -> 5145.5656 | AI101: =AH101*(1+AI$86) -> 5310.2237 | AJ101: =AI101*(1+AJ$86) -> 5480.1508 | AK101: =AJ101*(1+AK$86) -> 5655.5157 | AL101: =AK101*(1+AL$86) -> 5836.4922 | AM101: =AL101*(1+AM$86) -> 6023.2599 | AN101: =AM101*(1+AN$86) -> 6216.0042 | AO101: =AN101*(1+AO$86) -> 6414.9164 | AP101: =AO101*(1+AP$86) -> 6620.1937 | ... DJ101: =DI101*(1+DJ$86) -> 63945.34
B102: =B91 -> Coatings | C102: t/a | D102: =D$82*D91 -> 1173.3993 | E102: =E$82*E91 -> 1206.9825 | F102: =F$82*F91 -> 1225.21 | G102: =G$82*G91 -> 1247.0055 | H102: =H$82*H91 -> 1265.6357 | I102: =I$82*I91 -> 1328.8471 | J102: =J$82*J91 -> 1395.5922 | K102: =K$82*K91 -> 1519.4024 | ... AG102: =AG$82*AG91 -> 3172.9175 | AH102: =AH97 -> 3274.4508 | AI102: =AH102*(1+AI$86) -> 3379.2332 | AJ102: =AI102*(1+AJ$86) -> 3487.3687 | AK102: =AJ102*(1+AK$86) -> 3598.9645 | AL102: =AK102*(1+AL$86) -> 3714.1314 | AM102: =AL102*(1+AM$86) -> 3832.9836 | AN102: =AM102*(1+AN$86) -> 3955.6391 | AO102: =AN102*(1+AO$86) -> 4082.2195 | AP102: =AO102*(1+AP$86) -> 4212.8505 | ... DJ102: =DI102*(1+DJ$86) -> 40692.489
B103: =B92 -> Stabilisers | C103: t/a | D103: =D$82*D92 -> 335.25693 | E103: =E$82*E92 -> 344.85215 | F103: =F$82*F92 -> 350.05999 | G103: =G$82*G92 -> 356.28727 | H103: =H$82*H92 -> 361.61019 | I103: =I$82*I92 -> 379.67061 | J103: =J$82*J92 -> 398.74062 | K103: =K$82*K92 -> 434.11498 | ... AG103: =AG$82*AG92 -> 906.54785 | AH103: =AH98 -> 935.55738 | AI103: =AH103*(1+AI$86) -> 965.49521 | AJ103: =AI103*(1+AJ$86) -> 996.39106 | AK103: =AJ103*(1+AK$86) -> 1028.2756 | AL103: =AK103*(1+AL$86) -> 1061.1804 | AM103: =AL103*(1+AM$86) -> 1095.1382 | AN103: =AM103*(1+AN$86) -> 1130.1826 | AO103: =AN103*(1+AO$86) -> 1166.3484 | AP103: =AO103*(1+AP$86) -> 1203.6716 | ... DJ103: =DI103*(1+DJ$86) -> 11626.425
B105: R² demand in other sectors and Correlation Factors
B106: Sum Demand in non energy sectors (1994-2019) | C106: t/a | H106: =SUM(H100:H103) -> 18080.509 | I106: =SUM(I100:I103) -> 18983.53 | J106: =SUM(J100:J103) -> 19937.031 | K106: =SUM(K100:K103) -> 21705.749 | L106: =SUM(L100:L103) -> 21901.562 | M106: =SUM(M100:M103) -> 21994.069 | N106: =SUM(N100:N103) -> 23400.09 | O106: =SUM(O100:O103) -> 22319.863 | ... AG106: =SUM(AG100:AG103) -> 45327.392
B107: R² - GDP, PPP - (1994-2019) | C107: =(CORREL(H106:AG106,H83:AG83))^2 -> 0.96487868

Sheet Cerium
A1: TYPE
A2: HI | B2: =MID(CELL("Dateiname",$B$2),FIND("]", CELL("Dateiname",$B$2))+1,31)&" HI" -> #VALUE! | C2: unit | D2: 1990 | E2: =D2+1 -> 1991 | F2: =E2+1 -> 1992 | G2: =F2+1 -> 1993 | H2: =G2+1 -> 1994 | I2: =H2+1 -> 1995 | J2: =I2+1 -> 1996 | K2: =J2+1 -> 1997 | L2: =K2+1 -> 1998 | ... DJ2: =DI2+1 -> 2100 | DK2: Python does not read anything right of this line!
A3: HI | B3: ='Data Non-Energy-Sector'!B9 -> Autocatalyst | C3: t/a | D3: =D102 -> 8054.1451 | E3: =E102 -> 8294.0235 | F3: =F102 -> 8419.1356 | G3: =G102 -> 8568.7385 | H3: =H102 -> 8696.6151 | I3: =I102 -> 10773.016 | J3: =J102 -> 11433.689 | K3: =K102 -> 10746.05 | ... DJ3: =DJ102 -> 363132.66
A4: HI | B4: ='Data Non-Energy-Sector'!B10 -> Glass & Ceramics | C4: t/a | D4: =D103 -> 7593.9082 | E4: =E103 -> 7820.0793 | F4: =F103 -> 7938.0421 | G4: =G103 -> 8079.0963 | H4: =H103 -> 8199.6657 | I4: =I103 -> 10157.415 | J4: =J103 -> 10780.336 | K4: =K103 -> 10131.99 | ... DJ4: =DJ103 -> 342382.22
A5: HI | B5: ='Data Non-Energy-Sector'!B11 -> Polishing Powders | C5: t/a | D5: =D104 -> 2531.3027 | E5: =E104 -> 2606.6931 | F5: =F104 -> 2646.014 | G5: =G104 -> 2693.0321 | H5: =H104 -> 2733.2219 | I5: =I104 -> 3385.8051 | J5: =J104 -> 3593.4452 | K5: =K104 -> 3377.33 | ... DJ5: =DJ104 -> 114127.41
A6: HI | B6: ='Data Non-Energy-Sector'!B12 -> Fluid Cracking Catalysts | C6: t/a | D6: =D105 -> 1840.9474 | E6: =E105 -> 1895.7768 | F6: =F105 -> 1924.3739 | G6: =G105 -> 1958.5688 | H6: =H105 -> 1987.7977 | I6: =I105 -> 2462.4037 | J6: =J105 -> 2613.4147 | K6: =K105 -> 2456.24 | ... DJ6: =DJ105 -> 83001.751
A7: HI | B7: ='Data Non-Energy-Sector'!B13 -> Metal | C7: t/a | D7: =D106 -> 1380.7106 | E7: =E106 -> 1421.8326 | F7: =F106 -> 1443.2804 | G7: =G106 -> 1468.9266 | H7: =H106 -> 1490.8483 | I7: =I106 -> 1846.8028 | J7: =J106 -> 1960.061 | K7: =K106 -> 1842.18 | ... DJ7: =DJ106 -> 62251.313
A8: HI | B8: ='Data Non-Energy-Sector'!B14 -> Batteries | C8: t/a | D8: =D107 -> 1380.7106 | E8: =E107 -> 1421.8326 | F8: =F107 -> 1443.2804 | G8: =G107 -> 1468.9266 | H8: =H107 -> 1490.8483 | I8: =I107 -> 1846.8028 | J8: =J107 -> 1960.061 | K8: =K107 -> 1842.18 | ... DJ8: =DJ107 -> 62251.313
A9: HI | B9: ='Data Non-Energy-Sector'!B15 -> Lighting | C9: t/a | D9: =D108 -> 230.11843 | E9: =E108 -> 236.9721 | F9: =F108 -> 240.54673 | G9: =G108 -> 244.8211 | H9: =H108 -> 248.47472 | I9: =I108 -> 307.80046 | J9: =J108 -> 326.67684 | K9: =K108 -> 307.03 | ... DJ9: =DJ108 -> 10375.219
A10: HI | B10: - | C10: t/a
A11: HI | B11: - | C11: t/a
A12: HI | B12: - | C12: t/a
A13: HI | B13: - | C13: t/a
A14: HI | B14: - | C14: t/a
A15: HI | B15: - | C15: t/a
A16: HI | B16: - | C16: t/a
A17: HI | B17: - | C17: t/a
A18: HI | B18: - | C18: t/a
A19: HI | B19: - | C19: t/a
A20: HI | B20: - | C20: t/a
A21: HI | B21: - | C21: t/a
A22: HI | B22: - | C22: t/a
B23: Total | C23: t/a | D23: =SUM(D3:D22) -> 23011.843 | E23: =SUM(E3:E22) -> 23697.21 | F23: =SUM(F3:F22) -> 24054.673 | G23: =SUM(G3:G22) -> 24482.11 | H23: =SUM(H3:H22) -> 24847.472 | I23: =SUM(I3:I22) -> 30780.046 | J23: =SUM(J3:J22) -> 32667.684 | K23: =SUM(K3:K22) -> 30703 | ... DJ23: =SUM(DJ3:DJ22) -> 1037521.9
A25: LO | B25: =MID(CELL("Dateiname",$B$2),FIND("]", CELL("Dateiname",$B$2))+1,31)&" LO" -> #VALUE! | C25: =C2 -> unit | D25: =D2 -> 1990 | E25: =E2 -> 1991 | F25: =F2 -> 1992 | G25: =G2 -> 1993 | H25: =H2 -> 1994 | I25: =I2 -> 1995 | J25: =J2 -> 1996 | ... DJ25: =DJ2 -> 2100
A26: LO | B26: =B3 -> Autocatalyst | C26: =C3 -> t/a | D26: =D3 -> 8054.1451 | E26: =E3 -> 8294.0235 | F26: =F3 -> 8419.1356 | G26: =G3 -> 8568.7385 | H26: =H3 -> 8696.6151 | I26: =I3 -> 10773.016 | ... AF26: =AF3 -> 25617.936 | AG26: =AG110 -> 28314.561 | AH26: =AH110 -> 29220.627 | AI26: =AI110 -> 30155.687 | AJ26: =AJ110 -> 31120.669 | AK26: =AK110 -> 32116.53 | AL26: =AL110 -> 33144.259 | AM26: =AM110 -> 34204.875 | AN26: =AN110 -> 35299.431 | ... DJ26: =DJ110 -> 363132.66
A27: LO | B27: =B4 -> Glass & Ceramics | C27: =C4 -> t/a | D27: =D4 -> 7593.9082 | E27: =E4 -> 7820.0793 | F27: =F4 -> 7938.0421 | G27: =G4 -> 8079.0963 | H27: =H4 -> 8199.6657 | I27: =I4 -> 10157.415 | ... AF27: =AF4 -> 24154.054 | AG27: =AG111 -> 26696.586 | AH27: =AH111 -> 27550.877 | AI27: =AI111 -> 28432.505 | AJ27: =AJ111 -> 29342.345 | AK27: =AK111 -> 30281.3 | AL27: =AL111 -> 31250.302 | AM27: =AM111 -> 32250.311 | AN27: =AN111 -> 33282.321 | ... DJ27: =DJ111 -> 342382.22
A28: LO | B28: =B5 -> Polishing Powders | C28: =C5 -> t/a | D28: =D5 -> 2531.3027 | E28: =E5 -> 2606.6931 | F28: =F5 -> 2646.014 | G28: =G5 -> 2693.0321 | H28: =H5 -> 2733.2219 | I28: =I5 -> 3385.8051 | ... AF28: =AF5 -> 8051.3513 | AG28: =AG112 -> 8898.862 | AH28: =AH112 -> 9183.6256 | AI28: =AI112 -> 9477.5016 | AJ28: =AJ112 -> 9780.7816 | AK28: =AK112 -> 10093.767 | AL28: =AL112 -> 10416.767 | AM28: =AM112 -> 10750.104 | AN28: =AN112 -> 11094.107 | ... DJ28: =DJ112 -> 114127.41
A29: LO | B29: =B6 -> Fluid Cracking Catalysts | C29: =C6 -> t/a | D29: =D6 -> 1840.9474 | E29: =E6 -> 1895.7768 | F29: =F6 -> 1924.3739 | G29: =G6 -> 1958.5688 | H29: =H6 -> 1987.7977 | I29: =I6 -> 2462.4037 | ... AF29: =AF6 -> 5855.5282 | AG29: =AG113 -> 6471.8996 | AH29: =AH113 -> 6679.0004 | AI29: =AI113 -> 6892.7284 | AJ29: =AJ113 -> 7113.2957 | AK29: =AK113 -> 7340.9212 | AL29: =AL113 -> 7575.8307 | AM29: =AM113 -> 7818.2572 | AN29: =AN113 -> 8068.4415 | ... DJ29: =DJ113 -> 83001.751
A30: LO | B30: =B7 -> Metal | C30: =C7 -> t/a | D30: =D7 -> 1380.7106 | E30: =E7 -> 1421.8326 | F30: =F7 -> 1443.2804 | G30: =G7 -> 1468.9266 | H30: =H7 -> 1490.8483 | I30: =I7 -> 1846.8028 | ... AF30: =AF7 -> 4391.6462 | AG30: =AG114 -> 4853.9247 | AH30: =AH114 -> 5009.2503 | AI30: =AI114 -> 5169.5463 | AJ30: =AJ114 -> 5334.9718 | AK30: =AK114 -> 5505.6909 | AL30: =AL114 -> 5681.873 | AM30: =AM114 -> 5863.6929 | AN30: =AN114 -> 6051.3311 | ... DJ30: =DJ114 -> 62251.313
A31: LO | B31: =B8 -> Batteries | C31: =C8 -> t/a | D31: =D8 -> 1380.7106 | E31: =E8 -> 1421.8326 | F31: =F8 -> 1443.2804 | G31: =G8 -> 1468.9266 | H31: =H8 -> 1490.8483 | I31: =I8 -> 1846.8028 | ... AF31: =AF8 -> 4391.6462 | AG31: =AG115 -> 4853.9247 | AH31: =AH115 -> 5009.2503 | AI31: =AI115 -> 5169.5463 | AJ31: =AJ115 -> 5334.9718 | AK31: =AK115 -> 5505.6909 | AL31: =AL115 -> 5681.873 | AM31: =AM115 -> 5863.6929 | AN31: =AN115 -> 6051.3311 | ... DJ31: =DJ115 -> 62251.313
A32: LO | B32: =B9 -> Lighting | C32: =C9 -> t/a | D32: =D9 -> 230.11843 | E32: =E9 -> 236.9721 | F32: =F9 -> 240.54673 | G32: =G9 -> 244.8211 | H32: =H9 -> 248.47472 | I32: =I9 -> 307.80046 | ... AF32: =AF9 -> 731.94103 | AG32: =AG116 -> 808.98745 | AH32: =AH116 -> 834.87505 | AI32: =AI116 -> 861.59105 | AJ32: =AJ116 -> 889.16197 | AK32: =AK116 -> 917.61515 | AL32: =AL116 -> 946.97883 | AM32: =AM116 -> 977.28216 | AN32: =AN116 -> 1008.5552 | ... DJ32: =DJ116 -> 10375.219
A33: LO | B33: =B10 -> - | C33: =C10 -> t/a
A34: LO | B34: =B11 -> - | C34: =C11 -> t/a
A35: LO | B35: =B12 -> - | C35: =C12 -> t/a
A36: LO | B36: =B13 -> - | C36: =C13 -> t/a
A37: LO | B37: =B14 -> - | C37: =C14 -> t/a
A38: LO | B38: =B15 -> - | C38: =C15 -> t/a
A39: LO | B39: =B16 -> - | C39: =C16 -> t/a
A40: LO | B40: =B17 -> - | C40: =C17 -> t/a
A41: LO | B41: =B18 -> - | C41: =C18 -> t/a
A42: LO | B42: =B19 -> - | C42: =C19 -> t/a
A43: LO | B43: =B20 -> - | C43: =C20 -> t/a
A44: LO | B44: =B21 -> - | C44: =C21 -> t/a
A45: LO | B45: =B22 -> - | C45: =C22 -> t/a
B46: Total | C46: t/a | D46: =SUM(D26:D45) -> 23011.843 | E46: =SUM(E26:E45) -> 23697.21 | F46: =SUM(F26:F45) -> 24054.673 | G46: =SUM(G26:G45) -> 24482.11 | H46: =SUM(H26:H45) -> 24847.472 | I46: =SUM(I26:I45) -> 30780.046 | J46: =SUM(J26:J45) -> 32667.684 | K46: =SUM(K26:K45) -> 30703 | ... DJ46: =SUM(DJ26:DJ45) -> 1037521.9
A48: RECY | B48: =MID(CELL("Dateiname",$B$2),FIND("]", CELL("Dateiname",$B$2))+1,31) -> #VALUE! | C48: temp | D48: recyMod1 | E48: recyMod2 | F48: recyMod3 | G48: recyMod4 | H48: recyMod5 | I48: recyMod6 | J48: recyMod7 | K48: recyAmb1 | L48: recyAmb2 | M48: recyAmb3 | N48: recyAmb4 | O48: recyAmb5 | P48: recyAmb6 | Q48: recyAmb7 | R48: tau | S48: growthrate
A49: RECY | B49: temp | C49: temp | D49: moderate recycling rates | K49: ambitious recycling rates | R49: other infos
A50: RECY | B50: =MID(CELL("Dateiname",$B$2),FIND("]", CELL("Dateiname",$B$2))+1,31)&" RECY" -> #VALUE! | C50: temp | D50: 1990 | E50: =D50+10 -> 2000 | F50: =E50+10 -> 2010 | G50: =F50+10 -> 2020 | H50: =G50+10 -> 2030 | I50: =H50+10 -> 2040 | J50: =I50+10 -> 2050 | K50: 1990 | L50: =K50+10 -> 2000 | M50: =L50+10 -> 2010 | N50: =M50+10 -> 2020 | O50: =N50+10 -> 2030 | P50: =O50+10 -> 2040 | Q50: =P50+10 -> 2050 | R50: tau | S50: growthrate
A51: RECY | B51: =B26 -> Autocatalyst | C51: temp | D51: ='Data Non-Energy-Sector'!J9 -> 0 | E51: =(G51-D51)/(G$50-D$50)*(E$50-D$50)+D51 -> 0.0033333333 | F51: =(G51-E51)/(G$50-E$50)*(F$50-E$50)+E51 -> 0.0066666667 | G51: ='Data Non-Energy-Sector'!I9 -> 0.01 | H51: =(J51-G51)/(J$50-G$50)*(H$50-G$50)+G51 -> 0.01 | I51: =(J51-H51)/(J$50-H$50)*(I$50-H$50)+H51 -> 0.01 | J51: ='Data Non-Energy-Sector'!K9 -> 0.01 | K51: =D51 -> 0 | L51: =E51 -> 0.0033333333 | M51: =F51 -> 0.0066666667 | N51: =G51 -> 0.01 | O51: =(Q51-N51)/(Q$50-N$50)*(O$50-N$50)+N51 -> 0.27333333 | P51: =(Q51-O51)/(Q$50-O$50)*(P$50-O$50)+O51 -> 0.53666667 | Q51: ='Data Non-Energy-Sector'!L9 -> 0.8 | R51: ='Data Non-Energy-Sector'!G9 -> 12 | S51: =(AC26/N26)^(1/(AC$25-N$25))-1 -> 0.029952332
A52: RECY | B52: =B27 -> Glass & Ceramics | C52: temp | D52: ='Data Non-Energy-Sector'!J10 -> 0 | E52: =(G52-D52)/(G$50-D$50)*(E$50-D$50)+D52 -> 0 | F52: =(G52-E52)/(G$50-E$50)*(F$50-E$50)+E52 -> 0 | G52: ='Data Non-Energy-Sector'!I10 -> 0 | H52: =(J52-G52)/(J$50-G$50)*(H$50-G$50)+G52 -> 0 | I52: =(J52-H52)/(J$50-H$50)*(I$50-H$50)+H52 -> 0 | J52: ='Data Non-Energy-Sector'!K10 -> 0 | K52: =D52 -> 0 | L52: =E52 -> 0 | M52: =F52 -> 0 | N52: =G52 -> 0 | O52: =(Q52-N52)/(Q$50-N$50)*(O$50-N$50)+N52 -> 0 | P52: =(Q52-O52)/(Q$50-O$50)*(P$50-O$50)+O52 -> 0 | Q52: ='Data Non-Energy-Sector'!L10 -> 0 | R52: ='Data Non-Energy-Sector'!G10 -> 8 | S52: =(AC27/N27)^(1/(AC$25-N$25))-1 -> 0.029952332
A53: RECY | B53: =B28 -> Polishing Powders | C53: temp | D53: ='Data Non-Energy-Sector'!J11 -> 0 | E53: =(G53-D53)/(G$50-D$50)*(E$50-D$50)+D53 -> 0.0033333333 | F53: =(G53-E53)/(G$50-E$50)*(F$50-E$50)+E53 -> 0.0066666667 | G53: ='Data Non-Energy-Sector'!I11 -> 0.01 | H53: =(J53-G53)/(J$50-G$50)*(H$50-G$50)+G53 -> 0.01 | I53: =(J53-H53)/(J$50-H$50)*(I$50-H$50)+H53 -> 0.01 | J53: ='Data Non-Energy-Sector'!K11 -> 0.01 | K53: =D53 -> 0 | L53: =E53 -> 0.0033333333 | M53: =F53 -> 0.0066666667 | N53: =G53 -> 0.01 | O53: =(Q53-N53)/(Q$50-N$50)*(O$50-N$50)+N53 -> 0.27333333 | P53: =(Q53-O53)/(Q$50-O$50)*(P$50-O$50)+O53 -> 0.53666667 | Q53: ='Data Non-Energy-Sector'!L11 -> 0.8 | R53: ='Data Non-Energy-Sector'!G11 -> 1 | S53: =(AC28/N28)^(1/(AC$25-N$25))-1 -> 0.029952332
A54: RECY | B54: =B29 -> Fluid Cracking Catalysts | C54: temp | D54: ='Data Non-Energy-Sector'!J12 -> 0 | E54: =(G54-D54)/(G$50-D$50)*(E$50-D$50)+D54 -> 0.0033333333 | F54: =(G54-E54)/(G$50-E$50)*(F$50-E$50)+E54 -> 0.0066666667 | G54: ='Data Non-Energy-Sector'!I12 -> 0.01 | H54: =(J54-G54)/(J$50-G$50)*(H$50-G$50)+G54 -> 0.01 | I54: =(J54-H54)/(J$50-H$50)*(I$50-H$50)+H54 -> 0.01 | J54: ='Data Non-Energy-Sector'!K12 -> 0.01 | K54: =D54 -> 0 | L54: =E54 -> 0.0033333333 | M54: =F54 -> 0.0066666667 | N54: =G54 -> 0.01 | O54: =(Q54-N54)/(Q$50-N$50)*(O$50-N$50)+N54 -> 0.27333333 | P54: =(Q54-O54)/(Q$50-O$50)*(P$50-O$50)+O54 -> 0.53666667 | Q54: ='Data Non-Energy-Sector'!L12 -> 0.8 | R54: ='Data Non-Energy-Sector'!G12 -> 2 | S54: =(AC29/N29)^(1/(AC$25-N$25))-1 -> 0.029952332
A55: RECY | B55: =B30 -> Metal | C55: temp | D55: ='Data Non-Energy-Sector'!J13 -> 0 | E55: =(G55-D55)/(G$50-D$50)*(E$50-D$50)+D55 -> 0.0033333333 | F55: =(G55-E55)/(G$50-E$50)*(F$50-E$50)+E55 -> 0.0066666667 | G55: ='Data Non-Energy-Sector'!I13 -> 0.01 | H55: =(J55-G55)/(J$50-G$50)*(H$50-G$50)+G55 -> 0.01 | I55: =(J55-H55)/(J$50-H$50)*(I$50-H$50)+H55 -> 0.01 | J55: ='Data Non-Energy-Sector'!K13 -> 0.01 | K55: =D55 -> 0 | L55: =E55 -> 0.0033333333 | M55: =F55 -> 0.0066666667 | N55: =G55 -> 0.01 | O55: =(Q55-N55)/(Q$50-N$50)*(O$50-N$50)+N55 -> 0.27333333 | P55: =(Q55-O55)/(Q$50-O$50)*(P$50-O$50)+O55 -> 0.53666667 | Q55: ='Data Non-Energy-Sector'!L13 -> 0.8 | R55: ='Data Non-Energy-Sector'!G13 -> 13 | S55: =(AC30/N30)^(1/(AC$25-N$25))-1 -> 0.029952332
A56: RECY | B56: =B31 -> Batteries | C56: temp | D56: ='Data Non-Energy-Sector'!J14 -> 0 | E56: =(G56-D56)/(G$50-D$50)*(E$50-D$50)+D56 -> 0.0033333333 | F56: =(G56-E56)/(G$50-E$50)*(F$50-E$50)+E56 -> 0.0066666667 | G56: ='Data Non-Energy-Sector'!I14 -> 0.01 | H56: =(J56-G56)/(J$50-G$50)*(H$50-G$50)+G56 -> 0.01 | I56: =(J56-H56)/(J$50-H$50)*(I$50-H$50)+H56 -> 0.01 | J56: ='Data Non-Energy-Sector'!K14 -> 0.01 | K56: =D56 -> 0 | L56: =E56 -> 0.0033333333 | M56: =F56 -> 0.0066666667 | N56: =G56 -> 0.01 | O56: =(Q56-N56)/(Q$50-N$50)*(O$50-N$50)+N56 -> 0.27333333 | P56: =(Q56-O56)/(Q$50-O$50)*(P$50-O$50)+O56 -> 0.53666667 | Q56: ='Data Non-Energy-Sector'!L14 -> 0.8 | R56: ='Data Non-Energy-Sector'!G14 -> 5 | S56: =(AC31/N31)^(1/(AC$25-N$25))-1 -> 0.029952332
A57: RECY | B57: =B32 -> Lighting | C57: temp | D57: ='Data Non-Energy-Sector'!J15 -> 0 | E57: =(G57-D57)/(G$50-D$50)*(E$50-D$50)+D57 -> 0.0033333333 | F57: =(G57-E57)/(G$50-E$50)*(F$50-E$50)+E57 -> 0.0066666667 | G57: ='Data Non-Energy-Sector'!I15 -> 0.01 | H57: =(J57-G57)/(J$50-G$50)*(H$50-G$50)+G57 -> 0.01 | I57: =(J57-H57)/(J$50-H$50)*(I$50-H$50)+H57 -> 0.01 | J57: ='Data Non-Energy-Sector'!K15 -> 0.01 | K57: =D57 -> 0 | L57: =E57 -> 0.0033333333 | M57: =F57 -> 0.0066666667 | N57: =G57 -> 0.01 | O57: =(Q57-N57)/(Q$50-N$50)*(O$50-N$50)+N57 -> 0.27333333 | P57: =(Q57-O57)/(Q$50-O$50)*(P$50-O$50)+O57 -> 0.53666667 | Q57: ='Data Non-Energy-Sector'!L15 -> 0.8 | R57: ='Data Non-Energy-Sector'!G15 -> 6 | S57: =(AC32/N32)^(1/(AC$25-N$25))-1 -> 0.029952332
A58: RECY | B58: =B33 -> - | C58: temp
A59: RECY | B59: =B34 -> - | C59: temp
A60: RECY | B60: =B35 -> - | C60: temp
A61: RECY | B61: =B36 -> - | C61: temp
A62: RECY | B62: =B37 -> - | C62: temp
A63: RECY | B63: =B38 -> - | C63: temp
A64: RECY | B64: =B39 -> - | C64: temp
A65: RECY | B65: =B40 -> - | C65: temp
A66: RECY | B66: =B41 -> - | C66: temp
A67: RECY | B67: =B42 -> - | C67: temp
A68: RECY | B68: =B43 -> - | C68: temp
A69: RECY | B69: =B44 -> - | C69: temp
A70: RECY | B70: =B45 -> - | C70: temp
E71: Python does not read anything below this line!
C77: unit | D77: 1990 | E77: 1991 | F77: 1992 | G77: 1993 | H77: 1994 | I77: 1995 | J77: 1996 | K77: 1997 | L77: 1998 | M77: 1999 | N77: 2000 | O77: 2001 | P77: 2002 | Q77: 2003 | R77: 2004 | S77: 2005 | T77: 2006 | U77: 2007 | V77: 2008 | W77: 2009 | X77: 2010 | Y77: 2011 | Z77: 2012 | AA77: 2013 | AB77: 2014 | AC77: 2015 | AD77: 2016 | AE77: 2017 | AF77: 2018 | AG77: 2019 | AH77: 2020 | AI77: 2021 | AJ77: 2022 | AK77: 2023 | AL77: 2024 | AM77: 2025 | AN77: 2026 | AO77: 2027 | AP77: 2028 | AQ77: 2029 | AR77: 2030 | AS77: 2031 | AT77: 2032 | AU77: 2033 | AV77: 2034 | AW77: 2035 | AX77: 2036 | AY77: 2037 | AZ77: 2038 | BA77: 2039 | BB77: 2040 | BC77: 2041 | BD77: 2042 | BE77: 2043 | BF77: 2044 | BG77: 2045 | BH77: 2046 | BI77: 2047 | BJ77: 2048 | BK77: 2049 | BL77: 2050 | BM77: 2051 | BN77: 2052 | BO77: 2053 | BP77: 2054 | BQ77: 2055 | BR77: 2056 | BS77: 2057 | BT77: 2058 | BU77: 2059 | BV77: 2060 | BW77: 2061 | BX77: 2062 | BY77: 2063 | BZ77: 2064 | CA77: 2065 | CB77: 2066 | CC77: 2067 | CD77: 2068 | CE77: 2069 | CF77: 2070 | CG77: 2071 | CH77: 2072 | CI77: 2073 | CJ77: 2074 | CK77: 2075 | CL77: 2076 | CM77: 2077 | CN77: 2078 | CO77: 2079 | CP77: 2080 | CQ77: 2081 | CR77: 2082 | CS77: 2083 | CT77: 2084 | CU77: 2085 | CV77: 2086 | CW77: 2087 | CX77: 2088 | CY77: 2089 | CZ77: 2090 | DA77: 2091 | DB77: 2092 | DC77: 2093 | DD77: 2094 | DE77: 2095 | DF77: 2096 | DG77: 2097 | DH77: 2098 | DI77: 2099 | DJ77: 2100
B78: Total Production (REE) | C78: t/a | D78: =E78/(1+D88) -> 59735.006 | E78: =F78/(1+E88) -> 61514.107 | F78: =G78/(1+F88) -> 62442.024 | G78: =H78/(1+G88) -> 63551.58 | H78: ='Framework Data'!H32 -> 64500 | I78: ='Framework Data'!I32 -> 79900 | J78: ='Framework Data'!J32 -> 84800 | K78: ='Framework Data'!K32 -> 79700 | L78: ='Framework Data'!L32 -> 76600 | M78: ='Framework Data'!M32 -> 82000 | N78: ='Framework Data'!N32 -> 83500 | O78: ='Framework Data'!O32 -> 83500 | ... AG78: ='Framework Data'!AG32 -> 210000
B79: Share CeO2 | C79: % | D79: ='Framework Data'!$D99 -> 0.4732 | E79: ='Framework Data'!$D99 -> 0.4732 | F79: ='Framework Data'!$D99 -> 0.4732 | G79: ='Framework Data'!$D99 -> 0.4732 | H79: ='Framework Data'!$D99 -> 0.4732 | I79: ='Framework Data'!$D99 -> 0.4732 | J79: ='Framework Data'!$D99 -> 0.4732 | K79: ='Framework Data'!$D99 -> 0.4732 | ... AG79: ='Framework Data'!$D99 -> 0.4732
B80: Total Production (CeO2) | C80: t/a | D80: =D78*D79 -> 28266.605 | E80: =E78*E79 -> 29108.476 | F80: =F78*F79 -> 29547.566 | G80: =G78*G79 -> 30072.608 | H80: =H78*H79 -> 30521.4 | I80: =I78*I79 -> 37808.68 | J80: =J78*J79 -> 40127.36 | K80: =K78*K79 -> 37714.04 | ... AG80: =AG78*AG79 -> 99372
B81: Conversion Factor | C81: % | D81: ='Framework Data'!$D100 -> 0.8141 | E81: ='Framework Data'!$D100 -> 0.8141 | F81: ='Framework Data'!$D100 -> 0.8141 | G81: ='Framework Data'!$D100 -> 0.8141 | H81: ='Framework Data'!$D100 -> 0.8141 | I81: ='Framework Data'!$D100 -> 0.8141 | J81: ='Framework Data'!$D100 -> 0.8141 | K81: ='Framework Data'!$D100 -> 0.8141 | ... AG81: ='Framework Data'!$D100 -> 0.8141
B82: Total Production (Ce) | C82: t/a | D82: =D80*D81 -> 23011.843 | E82: =E80*E81 -> 23697.21 | F82: =F80*F81 -> 24054.673 | G82: =G80*G81 -> 24482.11 | H82: =H80*H81 -> 24847.472 | I82: =I80*I81 -> 30780.046 | J82: =J80*J81 -> 32667.684 | K82: =K80*K81 -> 30703 | ... AG82: =AG80*AG81 -> 80898.745
B83: Recycled Content | C83: Factor (0 to 1) | D83: =E83 -> 0 | E83: =F83 -> 0 | F83: =G83 -> 0 | G83: =H83 -> 0 | H83: ='Framework Data'!D70 -> 0 | I83: =($Y$83-$H$83)/($Y$77-$H$77)+H83 -> 0.0032352941 | J83: =($Y$83-$H$83)/($Y$77-$H$77)+I83 -> 0.0064705882 | K83: =($Y$83-$H$83)/($Y$77-$H$77)+J83 -> 0.0097058824 | L83: =($Y$83-$H$83)/($Y$77-$H$77)+K83 -> 0.012941176 | M83: =($Y$83-$H$83)/($Y$77-$H$77)+L83 -> 0.016176471 | N83: =($Y$83-$H$83)/($Y$77-$H$77)+M83 -> 0.019411765 | O83: =($Y$83-$H$83)/($Y$77-$H$77)+N83 -> 0.022647059 | P83: =($Y$83-$H$83)/($Y$77-$H$77)+O83 -> 0.025882353 | ... X83: =($Y$83-$H$83)/($Y$77-$H$77)+W83 -> 0.051764706 | Y83: ='Framework Data'!E70 -> 0.055 | Z83: =($AG$83-$Y$83)/($AG$77-$Y$77)+Y83 -> 0.055 | AA83: =($AG$83-$Y$83)/($AG$77-$Y$77)+Z83 -> 0.055 | AB83: =($AG$83-$Y$83)/($AG$77-$Y$77)+AA83 -> 0.055 | AC83: =($AG$83-$Y$83)/($AG$77-$Y$77)+AB83 -> 0.055 | AD83: =($AG$83-$Y$83)/($AG$77-$Y$77)+AC83 -> 0.055 | AE83: =($AG$83-$Y$83)/($AG$77-$Y$77)+AD83 -> 0.055 | AF83: =($AG$83-$Y$83)/($AG$77-$Y$77)+AE83 -> 0.055 | AG83: ='Framework Data'!G70 -> 0.055
B84: Total Demand | C84: t/a | D84: =D82/(1-D83) -> 23011.843 | E84: =E82/(1-E83) -> 23697.21 | F84: =F82/(1-F83) -> 24054.673 | G84: =G82/(1-G83) -> 24482.11 | H84: =H82/(1-H83) -> 24847.472 | I84: =I82/(1-I83) -> 30879.952 | J84: =J82/(1-J83) -> 32880.44 | K84: =K82/(1-K83) -> 31003.92 | ... AG84: =AG82/(1-AG83) -> 85607.138
B85: Demand Energy Sector | C85: t/a | D85: ='Framework Data'!D6 -> 0 | E85: ='Framework Data'!E6 -> 9.7699912e-08 | F85: ='Framework Data'!F6 -> 9.7699912e-08 | G85: ='Framework Data'!G6 -> 9.7699912e-08 | H85: ='Framework Data'!H6 -> 9.7699912e-08 | I85: ='Framework Data'!I6 -> 9.7699912e-08 | J85: ='Framework Data'!J6 -> 9.7699912e-08 | K85: ='Framework Data'!K6 -> 9.7699912e-08 | ... AG85: ='Framework Data'!AG6 -> 0.080765855
B86: Demand without Energy Sector | C86: t/a | D86: =D84-D85 -> 23011.843 | E86: =E84-E85 -> 23697.21 | F86: =F84-F85 -> 24054.673 | G86: =G84-G85 -> 24482.11 | H86: =H84-H85 -> 24847.472 | I86: =I84-I85 -> 30879.952 | J86: =J84-J85 -> 32880.44 | K86: =K84-K85 -> 31003.92 | ... AG86: =AG84-AG85 -> 85607.057
B87: GDP, PPP | C87: Int$ | D87: ='Framework Data'!D57 -> 5.0950509e+13 | E87: ='Framework Data'!E57 -> 5.1647195e+13 | F87: ='Framework Data'!F57 -> 5.2470668e+13 | G87: ='Framework Data'!G57 -> 5.3337589e+13 | H87: ='Framework Data'!H57 -> 5.4833949e+13 | I87: ='Framework Data'!I57 -> 5.6562297e+13 | J87: ='Framework Data'!J57 -> 5.8705719e+13 | K87: ='Framework Data'!K57 -> 6.0986321e+13 | ... AG87: ='Framework Data'!AG57 -> 1.2979685e+14
B88: GDP Annual Growth | C88: % | D88: ='Framework Data'!D$60 -> 0.029783223 | E88: ='Framework Data'!E$60 -> 0.015084612 | F88: ='Framework Data'!F$60 -> 0.017769386 | G88: ='Framework Data'!G$60 -> 0.014923625 | H88: ='Framework Data'!H$60 -> 0.029467758 | I88: ='Framework Data'!I$60 -> 0.030206666 | J88: ='Framework Data'!J$60 -> 0.03430992 | K88: ='Framework Data'!K$60 -> 0.037078028 | ... AG88: ='Framework Data'!AG$60 -> 0.023355581
B89: GDP Annual Growth - "High" | C89: % | AG89: ='Framework Data'!AG$61 -> 0.032 | AH89: ='Framework Data'!AH$61 -> 0.032 | AI89: ='Framework Data'!AI$61 -> 0.032 | AJ89: ='Framework Data'!AJ$61 -> 0.032 | AK89: ='Framework Data'!AK$61 -> 0.032 | AL89: ='Framework Data'!AL$61 -> 0.032 | AM89: ='Framework Data'!AM$61 -> 0.032 | AN89: ='Framework Data'!AN$61 -> 0.032 | ... DJ89: ='Framework Data'!DJ$61 -> 0.032
B90: GDP Annual Growth - "Low" | C90: % | AG90: ='Framework Data'!AG$62 -> 0.032 | AH90: ='Framework Data'!AH$62 -> 0.032 | AI90: ='Framework Data'!AI$62 -> 0.032 | AJ90: ='Framework Data'!AJ$62 -> 0.032 | AK90: ='Framework Data'!AK$62 -> 0.032 | AL90: ='Framework Data'!AL$62 -> 0.032 | AM90: ='Framework Data'!AM$62 -> 0.032 | AN90: ='Framework Data'!AN$62 -> 0.032 | ... DJ90: ='Framework Data'!DJ$62 -> 0.032
B92: Demand from other sectors
B93: =B3 -> Autocatalyst | C93: % | D93: =E93 -> 0.35 | E93: =F93 -> 0.35 | F93: =G93 -> 0.35 | G93: =H93 -> 0.35 | H93: =I93 -> 0.35 | I93: =J93 -> 0.35 | J93: =K93 -> 0.35 | K93: =L93 -> 0.35 | ... AB93: =AC93 -> 0.35 | AC93: ='Data Non-Energy-Sector'!E9 -> 0.35 | AD93: =AC93 -> 0.35 | AE93: =AD93 -> 0.35 | AF93: =AE93 -> 0.35 | AG93: =AF93 -> 0.35
B94: =B4 -> Glass & Ceramics | C94: % | D94: =E94 -> 0.33 | E94: =F94 -> 0.33 | F94: =G94 -> 0.33 | G94: =H94 -> 0.33 | H94: =I94 -> 0.33 | I94: =J94 -> 0.33 | J94: =K94 -> 0.33 | K94: =L94 -> 0.33 | ... AB94: =AC94 -> 0.33 | AC94: ='Data Non-Energy-Sector'!E10 -> 0.33 | AD94: =AC94 -> 0.33 | AE94: =AD94 -> 0.33 | AF94: =AE94 -> 0.33 | AG94: =AF94 -> 0.33
B95: =B5 -> Polishing Powders | C95: % | D95: =E95 -> 0.11 | E95: =F95 -> 0.11 | F95: =G95 -> 0.11 | G95: =H95 -> 0.11 | H95: =I95 -> 0.11 | I95: =J95 -> 0.11 | J95: =K95 -> 0.11 | K95: =L95 -> 0.11 | ... AB95: =AC95 -> 0.11 | AC95: ='Data Non-Energy-Sector'!E11 -> 0.11 | AD95: =AC95 -> 0.11 | AE95: =AD95 -> 0.11 | AF95: =AE95 -> 0.11 | AG95: =AF95 -> 0.11
B96: =B6 -> Fluid Cracking Catalysts | C96: % | D96: =E96 -> 0.08 | E96: =F96 -> 0.08 | F96: =G96 -> 0.08 | G96: =H96 -> 0.08 | H96: =I96 -> 0.08 | I96: =J96 -> 0.08 | J96: =K96 -> 0.08 | K96: =L96 -> 0.08 | ... AB96: =AC96 -> 0.08 | AC96: ='Data Non-Energy-Sector'!E12 -> 0.08 | AD96: =AC96 -> 0.08 | AE96: =AD96 -> 0.08 | AF96: =AE96 -> 0.08 | AG96: =AF96 -> 0.08
B97: =B7 -> Metal | C97: % | D97: =E97 -> 0.06 | E97: =F97 -> 0.06 | F97: =G97 -> 0.06 | G97: =H97 -> 0.06 | H97: =I97 -> 0.06 | I97: =J97 -> 0.06 | J97: =K97 -> 0.06 | K97: =L97 -> 0.06 | ... AB97: =AC97 -> 0.06 | AC97: ='Data Non-Energy-Sector'!E13 -> 0.06 | AD97: =AC97 -> 0.06 | AE97: =AD97 -> 0.06 | AF97: =AE97 -> 0.06 | AG97: =AF97 -> 0.06
B98: =B8 -> Batteries | C98: % | D98: =E98 -> 0.06 | E98: =F98 -> 0.06 | F98: =G98 -> 0.06 | G98: =H98 -> 0.06 | H98: =I98 -> 0.06 | I98: =J98 -> 0.06 | J98: =K98 -> 0.06 | K98: =L98 -> 0.06 | ... AB98: =AC98 -> 0.06 | AC98: ='Data Non-Energy-Sector'!E14 -> 0.06 | AD98: =AC98 -> 0.06 | AE98: =AD98 -> 0.06 | AF98: =AE98 -> 0.06 | AG98: =AF98 -> 0.06
B99: =B9 -> Lighting | C99: % | D99: =E99 -> 0.01 | E99: =F99 -> 0.01 | F99: =G99 -> 0.01 | G99: =H99 -> 0.01 | H99: =I99 -> 0.01 | I99: =J99 -> 0.01 | J99: =K99 -> 0.01 | K99: =L99 -> 0.01 | ... AB99: =AC99 -> 0.01 | AC99: ='Data Non-Energy-Sector'!E15 -> 0.01 | AD99: =AC99 -> 0.01 | AE99: =AD99 -> 0.01 | AF99: =AE99 -> 0.01 | AG99: =AF99 -> 0.01
B100: Demand from other sectors
B101: HI
B102: =B93 -> Autocatalyst | C102: t/a | D102: =D$82*D93 -> 8054.1451 | E102: =E$82*E93 -> 8294.0235 | F102: =F$82*F93 -> 8419.1356 | G102: =G$82*G93 -> 8568.7385 | H102: =H$82*H93 -> 8696.6151 | I102: =I$82*I93 -> 10773.016 | J102: =J$82*J93 -> 11433.689 | K102: =K$82*K93 -> 10746.05 | ... AG102: =AG$82*AG93 -> 28314.561 | AH102: =AG102*(1+AH$89) -> 29220.627 | AI102: =AH102*(1+AI$89) -> 30155.687 | AJ102: =AI102*(1+AJ$89) -> 31120.669 | AK102: =AJ102*(1+AK$89) -> 32116.53 | AL102: =AK102*(1+AL$89) -> 33144.259 | AM102: =AL102*(1+AM$89) -> 34204.875 | AN102: =AM102*(1+AN$89) -> 35299.431 | AO102: =AN102*(1+AO$89) -> 36429.013 | ... DJ102: =DI102*(1+DJ$89) -> 363132.66
B103: =B94 -> Glass & Ceramics | C103: t/a | D103: =D$82*D94 -> 7593.9082 | E103: =E$82*E94 -> 7820.0793 | F103: =F$82*F94 -> 7938.0421 | G103: =G$82*G94 -> 8079.0963 | H103: =H$82*H94 -> 8199.6657 | I103: =I$82*I94 -> 10157.415 | J103: =J$82*J94 -> 10780.336 | K103: =K$82*K94 -> 10131.99 | ... AG103: =AG$82*AG94 -> 26696.586 | AH103: =AG103*(1+AH$89) -> 27550.877 | AI103: =AH103*(1+AI$89) -> 28432.505 | AJ103: =AI103*(1+AJ$89) -> 29342.345 | AK103: =AJ103*(1+AK$89) -> 30281.3 | AL103: =AK103*(1+AL$89) -> 31250.302 | AM103: =AL103*(1+AM$89) -> 32250.311 | AN103: =AM103*(1+AN$89) -> 33282.321 | AO103: =AN103*(1+AO$89) -> 34347.355 | ... DJ103: =DI103*(1+DJ$89) -> 342382.22
B104: =B95 -> Polishing Powders | C104: t/a | D104: =D$82*D95 -> 2531.3027 | E104: =E$82*E95 -> 2606.6931 | F104: =F$82*F95 -> 2646.014 | G104: =G$82*G95 -> 2693.0321 | H104: =H$82*H95 -> 2733.2219 | I104: =I$82*I95 -> 3385.8051 | J104: =J$82*J95 -> 3593.4452 | K104: =K$82*K95 -> 3377.33 | ... AG104: =AG$82*AG95 -> 8898.862 | AH104: =AG104*(1+AH$89) -> 9183.6256 | AI104: =AH104*(1+AI$89) -> 9477.5016 | AJ104: =AI104*(1+AJ$89) -> 9780.7816 | AK104: =AJ104*(1+AK$89) -> 10093.767 | AL104: =AK104*(1+AL$89) -> 10416.767 | AM104: =AL104*(1+AM$89) -> 10750.104 | AN104: =AM104*(1+AN$89) -> 11094.107 | AO104: =AN104*(1+AO$89) -> 11449.118 | ... DJ104: =DI104*(1+DJ$89) -> 114127.41
B105: =B96 -> Fluid Cracking Catalysts | C105: t/a | D105: =D$82*D96 -> 1840.9474 | E105: =E$82*E96 -> 1895.7768 | F105: =F$82*F96 -> 1924.3739 | G105: =G$82*G96 -> 1958.5688 | H105: =H$82*H96 -> 1987.7977 | I105: =I$82*I96 -> 2462.4037 | J105: =J$82*J96 -> 2613.4147 | K105: =K$82*K96 -> 2456.24 | ... AG105: =AG$82*AG96 -> 6471.8996 | AH105: =AG105*(1+AH$89) -> 6679.0004 | AI105: =AH105*(1+AI$89) -> 6892.7284 | AJ105: =AI105*(1+AJ$89) -> 7113.2957 | AK105: =AJ105*(1+AK$89) -> 7340.9212 | AL105: =AK105*(1+AL$89) -> 7575.8307 | AM105: =AL105*(1+AM$89) -> 7818.2572 | AN105: =AM105*(1+AN$89) -> 8068.4415 | AO105: =AN105*(1+AO$89) -> 8326.6316 | ... DJ105: =DI105*(1+DJ$89) -> 83001.751
B106: =B97 -> Metal | C106: t/a | D106: =D$82*D97 -> 1380.7106 | E106: =E$82*E97 -> 1421.8326 | F106: =F$82*F97 -> 1443.2804 | G106: =G$82*G97 -> 1468.9266 | H106: =H$82*H97 -> 1490.8483 | I106: =I$82*I97 -> 1846.8028 | J106: =J$82*J97 -> 1960.061 | K106: =K$82*K97 -> 1842.18 | ... AG106: =AG$82*AG97 -> 4853.9247 | AH106: =AG106*(1+AH$89) -> 5009.2503 | AI106: =AH106*(1+AI$89) -> 5169.5463 | AJ106: =AI106*(1+AJ$89) -> 5334.9718 | AK106: =AJ106*(1+AK$89) -> 5505.6909 | AL106: =AK106*(1+AL$89) -> 5681.873 | AM106: =AL106*(1+AM$89) -> 5863.6929 | AN106: =AM106*(1+AN$89) -> 6051.3311 | AO106: =AN106*(1+AO$89) -> 6244.9737 | ... DJ106: =DI106*(1+DJ$89) -> 62251.313
B107: =B98 -> Batteries | C107: t/a | D107: =D$82*D98 -> 1380.7106 | E107: =E$82*E98 -> 1421.8326 | F107: =F$82*F98 -> 1443.2804 | G107: =G$82*G98 -> 1468.9266 | H107: =H$82*H98 -> 1490.8483 | I107: =I$82*I98 -> 1846.8028 | J107: =J$82*J98 -> 1960.061 | K107: =K$82*K98 -> 1842.18 | ... AG107: =AG$82*AG98 -> 4853.9247 | AH107: =AG107*(1+AH$89) -> 5009.2503 | AI107: =AH107*(1+AI$89) -> 5169.5463 | AJ107: =AI107*(1+AJ$89) -> 5334.9718 | AK107: =AJ107*(1+AK$89) -> 5505.6909 | AL107: =AK107*(1+AL$89) -> 5681.873 | AM107: =AL107*(1+AM$89) -> 5863.6929 | AN107: =AM107*(1+AN$89) -> 6051.3311 | AO107: =AN107*(1+AO$89) -> 6244.9737 | ... DJ107: =DI107*(1+DJ$89) -> 62251.313
B108: =B99 -> Lighting | C108: t/a | D108: =D$82*D99 -> 230.11843 | E108: =E$82*E99 -> 236.9721 | F108: =F$82*F99 -> 240.54673 | G108: =G$82*G99 -> 244.8211 | H108: =H$82*H99 -> 248.47472 | I108: =I$82*I99 -> 307.80046 | J108: =J$82*J99 -> 326.67684 | K108: =K$82*K99 -> 307.03 | ... AG108: =AG$82*AG99 -> 808.98745 | AH108: =AG108*(1+AH$89) -> 834.87505 | AI108: =AH108*(1+AI$89) -> 861.59105 | AJ108: =AI108*(1+AJ$89) -> 889.16197 | AK108: =AJ108*(1+AK$89) -> 917.61515 | AL108: =AK108*(1+AL$89) -> 946.97883 | AM108: =AL108*(1+AM$89) -> 977.28216 | AN108: =AM108*(1+AN$89) -> 1008.5552 | AO108: =AN108*(1+AO$89) -> 1040.829 | ... DJ108: =DI108*(1+DJ$89) -> 10375.219
...

Sheet Cobalt
A1: TYPE
A2: HI | B2: =MID(CELL("Dateiname",$B$2),FIND("]", CELL("Dateiname",$B$2))+1,31)&" HI" -> #VALUE! | C2: unit | D2: 1990 | E2: =D2+1 -> 1991 | F2: =E2+1 -> 1992 | G2: =F2+1 -> 1993 | H2: =G2+1 -> 1994 | I2: =H2+1 -> 1995 | J2: =I2+1 -> 1996 | K2: =J2+1 -> 1997 | L2: =K2+1 -> 1998 | ... DJ2: =DI2+1 -> 2100 | DK2: Python does not read anything right of this line!
A3: HI | B3: ='Data Non-Energy-Sector'!B16 -> Batteries | C3: t/a | D3: =D99 -> 7195.9845 | E3: =E99 -> 7190.4357 | F3: =F99 -> 7302.2173 | G3: =G99 -> 7435.8801 | H3: =H99 -> 7550.1316 | I3: =I99 -> 9240.2036 | J3: =J99 -> 11563.75 | K3: =K99 -> 11798.835 | ... DJ3: =DJ99 -> 974944.25
A4: HI | B4: ='Data Non-Energy-Sector'!B17 -> Superlloys, hardfacing/HSS and other alloy | C4: t/a | D4: =D100 -> 3940.6582 | E4: =E100 -> 3937.6196 | F4: =F100 -> 3998.8333 | G4: =G100 -> 4072.0296 | H4: =H100 -> 4134.5959 | I4: =I100 -> 5060.1115 | J4: =J100 -> 6332.5299 | K4: =K100 -> 6461.2667 | ... DJ4: =DJ100 -> 533898.04
A5: HI | B5: ='Data Non-Energy-Sector'!B18 -> Hard materials (carbides and diamond tools) | C5: t/a | D5: =D101 -> 1713.3296 | E5: =E101 -> 1712.0085 | F5: =F101 -> 1738.6232 | G5: =G101 -> 1770.4476 | H5: =H101 -> 1797.6504 | I5: =I101 -> 2200.0485 | J5: =J101 -> 2753.2739 | K5: =K101 -> 2809.2464 | ... DJ5: =DJ101 -> 232129.58
A6: HI | B6: ='Data Non-Energy-Sector'!B19 -> Catalysts | C6: t/a | D6: =D102 -> 1199.3307 | E6: =E102 -> 1198.406 | F6: =F102 -> 1217.0362 | G6: =G102 -> 1239.3134 | H6: =H102 -> 1258.3553 | I6: =I102 -> 1540.0339 | J6: =J102 -> 1927.2917 | K6: =K102 -> 1966.4725 | ... DJ6: =DJ102 -> 162490.71
A7: HI | B7: ='Data Non-Energy-Sector'!B20 -> Ceramic & Pigments | C7: t/a | D7: =D103 -> 856.66482 | E7: =E103 -> 856.00425 | F7: =F103 -> 869.31158 | G7: =G103 -> 885.22382 | H7: =H103 -> 898.8252 | I7: =I103 -> 1100.0242 | J7: =J103 -> 1376.6369 | K7: =K103 -> 1404.6232 | ... DJ7: =DJ103 -> 116064.79
A8: HI | B8: ='Data Non-Energy-Sector'!B21 -> Magnets | C8: t/a | D8: =D104 -> 856.66482 | E8: =E104 -> 856.00425 | F8: =F104 -> 869.31158 | G8: =G104 -> 885.22382 | H8: =H104 -> 898.8252 | I8: =I104 -> 1100.0242 | J8: =J104 -> 1376.6369 | K8: =K104 -> 1404.6232 | ... DJ8: =DJ104 -> 116064.79
A9: HI | B9: ='Data Non-Energy-Sector'!B22 -> Tyre adhesives and paint dryers | C9: t/a | D9: =D105 -> 685.33185 | E9: =E105 -> 684.8034 | F9: =F105 -> 695.44927 | G9: =G105 -> 708.17906 | H9: =H105 -> 719.06016 | I9: =I105 -> 880.01939 | J9: =J105 -> 1101.3095 | K9: =K105 -> 1123.6986 | ... DJ9: =DJ105 -> 92851.833
A10: HI | B10: ='Data Non-Energy-Sector'!B23 -> others | C10: t/a | D10: =D106 -> 685.33185 | E10: =E106 -> 684.8034 | F10: =F106 -> 695.44927 | G10: =G106 -> 708.17906 | H10: =H106 -> 719.06016 | I10: =I106 -> 880.01939 | J10: =J106 -> 1101.3095 | K10: =K106 -> 1123.6986 | ... DJ10: =DJ106 -> 92851.833
A11: HI | B11: - | C11: t/a
A12: HI | B12: - | C12: t/a
A13: HI | B13: - | C13: t/a
A14: HI | B14: - | C14: t/a
A15: HI | B15: - | C15: t/a
A16: HI | B16: - | C16: t/a
A17: HI | B17: - | C17: t/a
A18: HI | B18: - | C18: t/a
A19: HI | B19: - | C19: t/a
A20: HI | B20: - | C20: t/a
A21: HI | B21: - | C21: t/a
A22: HI | B22: - | C22: t/a
B23: Total | C23: t/a | D23: =SUM(D3:D22) -> 17133.296 | E23: =SUM(E3:E22) -> 17120.085 | F23: =SUM(F3:F22) -> 17386.232 | G23: =SUM(G3:G22) -> 17704.476 | H23: =SUM(H3:H22) -> 17976.504 | I23: =SUM(I3:I22) -> 22000.485 | J23: =SUM(J3:J22) -> 27532.739 | K23: =SUM(K3:K22) -> 28092.464 | ... DJ23: =SUM(DJ3:DJ22) -> 2321295.8
A25: LO | B25: =MID(CELL("Dateiname",$B$2),FIND("]", CELL("Dateiname",$B$2))+1,31)&" LO" -> #VALUE! | C25: =C2 -> unit | D25: =D2 -> 1990 | E25: =E2 -> 1991 | F25: =F2 -> 1992 | G25: =G2 -> 1993 | H25: =H2 -> 1994 | I25: =I2 -> 1995 | J25: =J2 -> 1996 | ... DJ25: =DJ2 -> 2100
A26: LO | B26: =B3 -> Batteries | C26: =C3 -> t/a | D26: =D3 -> 7195.9845 | E26: =E3 -> 7190.4357 | F26: =F3 -> 7302.2173 | G26: =G3 -> 7435.8801 | H26: =H3 -> 7550.1316 | I26: =I3 -> 9240.2036 | ... AF26: =AF3 -> 82136.26 | AG26: =AG108 -> 76019.376 | AH26: =AH108 -> 78451.996 | AI26: =AI108 -> 80962.46 | AJ26: =AJ108 -> 83553.258 | AK26: =AK108 -> 86226.963 | AL26: =AL108 -> 88986.226 | AM26: =AM108 -> 91833.785 | AN26: =AN108 -> 94772.466 | ... DJ26: =DJ108 -> 974944.25
A27: LO | B27: =B4 -> Superlloys, hardfacing/HSS and other alloy | C27: =C4 -> t/a | D27: =D4 -> 3940.6582 | E27: =E4 -> 3937.6196 | F27: =F4 -> 3998.8333 | G27: =G4 -> 4072.0296 | H27: =H4 -> 4134.5959 | I27: =I4 -> 5060.1115 | ... AF27: =AF4 -> 44979.381 | AG27: =AG109 -> 41629.658 | AH27: =AH109 -> 42961.807 | AI27: =AI109 -> 44336.585 | AJ27: =AJ109 -> 45755.356 | AK27: =AK109 -> 47219.527 | AL27: =AL109 -> 48730.552 | AM27: =AM109 -> 50289.93 | AN27: =AN109 -> 51899.207 | ... DJ27: =DJ109 -> 533898.04
A28: LO | B28: =B5 -> Hard materials (carbides and diamond tools) | C28: =C5 -> t/a | D28: =D5 -> 1713.3296 | E28: =E5 -> 1712.0085 | F28: =F5 -> 1738.6232 | G28: =G5 -> 1770.4476 | H28: =H5 -> 1797.6504 | I28: =I5 -> 2200.0485 | ... AF28: =AF5 -> 19556.252 | AG28: =AG110 -> 18099.851 | AH28: =AH110 -> 18679.047 | AI28: =AI110 -> 19276.776 | AJ28: =AJ110 -> 19893.633 | AK28: =AK110 -> 20530.229 | AL28: =AL110 -> 21187.197 | AM28: =AM110 -> 21865.187 | AN28: =AN110 -> 22564.873 | ... DJ28: =DJ110 -> 232129.58
A29: LO | B29: =B6 -> Catalysts | C29: =C6 -> t/a | D29: =D6 -> 1199.3307 | E29: =E6 -> 1198.406 | F29: =F6 -> 1217.0362 | G29: =G6 -> 1239.3134 | H29: =H6 -> 1258.3553 | I29: =I6 -> 1540.0339 | ... AF29: =AF6 -> 13689.377 | AG29: =AG111 -> 12669.896 | AH29: =AH111 -> 13075.333 | AI29: =AI111 -> 13493.743 | AJ29: =AJ111 -> 13925.543 | AK29: =AK111 -> 14371.16 | AL29: =AL111 -> 14831.038 | AM29: =AM111 -> 15305.631 | AN29: =AN111 -> 15795.411 | ... DJ29: =DJ111 -> 162490.71
A30: LO | B30: =B7 -> Ceramic & Pigments | C30: =C7 -> t/a | D30: =D7 -> 856.66482 | E30: =E7 -> 856.00425 | F30: =F7 -> 869.31158 | G30: =G7 -> 885.22382 | H30: =H7 -> 898.8252 | I30: =I7 -> 1100.0242 | ... AF30: =AF7 -> 9778.1262 | AG30: =AG112 -> 9049.9257 | AH30: =AH112 -> 9339.5233 | AI30: =AI112 -> 9638.3881 | AJ30: =AJ112 -> 9946.8165 | AK30: =AK112 -> 10265.115 | AL30: =AL112 -> 10593.598 | AM30: =AM112 -> 10932.593 | AN30: =AN112 -> 11282.436 | ... DJ30: =DJ112 -> 116064.79
A31: LO | B31: =B8 -> Magnets | C31: =C8 -> t/a | D31: =D8 -> 856.66482 | E31: =E8 -> 856.00425 | F31: =F8 -> 869.31158 | G31: =G8 -> 885.22382 | H31: =H8 -> 898.8252 | I31: =I8 -> 1100.0242 | ... AF31: =AF8 -> 9778.1262 | AG31: =AG113 -> 9049.9257 | AH31: =AH113 -> 9339.5233 | AI31: =AI113 -> 9638.3881 | AJ31: =AJ113 -> 9946.8165 | AK31: =AK113 -> 10265.115 | AL31: =AL113 -> 10593.598 | AM31: =AM113 -> 10932.593 | AN31: =AN113 -> 11282.436 | ... DJ31: =DJ113 -> 116064.79
A32: LO | B32: =B9 -> Tyre adhesives and paint dryers | C32: =C9 -> t/a | D32: =D9 -> 685.33185 | E32: =E9 -> 684.8034 | F32: =F9 -> 695.44927 | G32: =G9 -> 708.17906 | H32: =H9 -> 719.06016 | I32: =I9 -> 880.01939 | ... AF32: =AF9 -> 7822.501 | AG32: =AG114 -> 7239.9406 | AH32: =AH114 -> 7471.6187 | AI32: =AI114 -> 7710.7105 | AJ32: =AJ114 -> 7957.4532 | AK32: =AK114 -> 8212.0917 | AL32: =AL114 -> 8474.8786 | AM32: =AM114 -> 8746.0747 | AN32: =AN114 -> 9025.9491 | ... DJ32: =DJ114 -> 92851.833
A33: LO | B33: =B10 -> others | C33: =C10 -> t/a | D33: =D10 -> 685.33185 | E33: =E10 -> 684.8034 | F33: =F10 -> 695.44927 | G33: =G10 -> 708.17906 | H33: =H10 -> 719.06016 | I33: =I10 -> 880.01939 | ... AF33: =AF10 -> 7822.501 | AG33: =AG115 -> 7239.9406 | AH33: =AH115 -> 7471.6187 | AI33: =AI115 -> 7710.7105 | AJ33: =AJ115 -> 7957.4532 | AK33: =AK115 -> 8212.0917 | AL33: =AL115 -> 8474.8786 | AM33: =AM115 -> 8746.0747 | AN33: =AN115 -> 9025.9491 | ... DJ33: =DJ115 -> 92851.833
A34: LO | B34: =B11 -> - | C34: =C11 -> t/a
A35: LO | B35: =B12 -> - | C35: =C12 -> t/a
A36: LO | B36: =B13 -> - | C36: =C13 -> t/a
A37: LO | B37: =B14 -> - | C37: =C14 -> t/a
A38: LO | B38: =B15 -> - | C38: =C15 -> t/a
A39: LO | B39: =B16 -> - | C39: =C16 -> t/a
A40: LO | B40: =B17 -> - | C40: =C17 -> t/a
A41: LO | B41: =B18 -> - | C41: =C18 -> t/a
A42: LO | B42: =B19 -> - | C42: =C19 -> t/a
A43: LO | B43: =B20 -> - | C43: =C20 -> t/a
A44: LO | B44: =B21 -> - | C44: =C21 -> t/a
A45: LO | B45: =B22 -> - | C45: =C22 -> t/a
B46: Total | C46: t/a | D46: =SUM(D26:D45) -> 17133.296 | E46: =SUM(E26:E45) -> 17120.085 | F46: =SUM(F26:F45) -> 17386.232 | G46: =SUM(G26:G45) -> 17704.476 | H46: =SUM(H26:H45) -> 17976.504 | I46: =SUM(I26:I45) -> 22000.485 | J46: =SUM(J26:J45) -> 27532.739 | K46: =SUM(K26:K45) -> 28092.464 | ... DJ46: =SUM(DJ26:DJ45) -> 2321295.8
A48: RECY | B48: =MID(CELL("Dateiname",$B$2),FIND("]", CELL("Dateiname",$B$2))+1,31) -> #VALUE! | C48: temp | D48: recyMod1 | E48: recyMod2 | F48: recyMod3 | G48: recyMod4 | H48: recyMod5 | I48: recyMod6 | J48: recyMod7 | K48: recyAmb1 | L48: recyAmb2 | M48: recyAmb3 | N48: recyAmb4 | O48: recyAmb5 | P48: recyAmb6 | Q48: recyAmb7 | R48: tau | S48: growthrate
A49: RECY | B49: temp | C49: temp | D49: moderate recycling rates | K49: ambitious recycling rates | R49: other infos
A50: RECY | B50: =MID(CELL("Dateiname",$B$2),FIND("]", CELL("Dateiname",$B$2))+1,31)&" RECY" -> #VALUE! | C50: temp | D50: 1990 | E50: =D50+10 -> 2000 | F50: =E50+10 -> 2010 | G50: =F50+10 -> 2020 | H50: =G50+10 -> 2030 | I50: =H50+10 -> 2040 | J50: =I50+10 -> 2050 | K50: 1990 | L50: =K50+10 -> 2000 | M50: =L50+10 -> 2010 | N50: =M50+10 -> 2020 | O50: =N50+10 -> 2030 | P50: =O50+10 -> 2040 | Q50: =P50+10 -> 2050 | R50: tau | S50: growthrate
A51: RECY | B51: =B26 -> Batteries | C51: temp | D51: ='Data Non-Energy-Sector'!J16 -> 0 | E51: =(G51-D51)/(G$50-D$50)*(E$50-D$50)+D51 -> 0.22666667 | F51: =(G51-E51)/(G$50-E$50)*(F$50-E$50)+E51 -> 0.45333333 | G51: ='Data Non-Energy-Sector'!I16 -> 0.68 | H51: =(J51-G51)/(J$50-G$50)*(H$50-G$50)+G51 -> 0.68 | I51: =(J51-H51)/(J$50-H$50)*(I$50-H$50)+H51 -> 0.68 | J51: ='Data Non-Energy-Sector'!K16 -> 0.68 | K51: =D51 -> 0 | L51: =E51 -> 0.22666667 | M51: =F51 -> 0.45333333 | N51: =G51 -> 0.68 | O51: =(Q51-N51)/(Q$50-N$50)*(O$50-N$50)+N51 -> 0.72 | P51: =(Q51-O51)/(Q$50-O$50)*(P$50-O$50)+O51 -> 0.76 | Q51: ='Data Non-Energy-Sector'!L16 -> 0.8 | R51: ='Data Non-Energy-Sector'!G16 -> 5 | S51: =(AC26/N26)^(1/(AC$25-N$25))-1 -> 0.10946742
A52: RECY | B52: =B27 -> Superlloys, hardfacing/HSS and other alloy | C52: temp | D52: ='Data Non-Energy-Sector'!J17 -> 0 | E52: =(G52-D52)/(G$50-D$50)*(E$50-D$50)+D52 -> 0.22666667 | F52: =(G52-E52)/(G$50-E$50)*(F$50-E$50)+E52 -> 0.45333333 | G52: ='Data Non-Energy-Sector'!I17 -> 0.68 | H52: =(J52-G52)/(J$50-G$50)*(H$50-G$50)+G52 -> 0.68 | I52: =(J52-H52)/(J$50-H$50)*(I$50-H$50)+H52 -> 0.68 | J52: ='Data Non-Energy-Sector'!K17 -> 0.68 | K52: =D52 -> 0 | L52: =E52 -> 0.22666667 | M52: =F52 -> 0.45333333 | N52: =G52 -> 0.68 | O52: =(Q52-N52)/(Q$50-N$50)*(O$50-N$50)+N52 -> 0.72 | P52: =(Q52-O52)/(Q$50-O$50)*(P$50-O$50)+O52 -> 0.76 | Q52: ='Data Non-Energy-Sector'!L17 -> 0.8 | R52: ='Data Non-Energy-Sector'!G17 -> 1 | S52: =(AC27/N27)^(1/(AC$25-N$25))-1 -> 0.10946742
A53: RECY | B53: =B28 -> Hard materials (carbides and diamond tools) | C53: temp | D53: ='Data Non-Energy-Sector'!J18 -> 0 | E53: =(G53-D53)/(G$50-D$50)*(E$50-D$50)+D53 -> 0.22666667 | F53: =(G53-E53)/(G$50-E$50)*(F$50-E$50)+E53 -> 0.45333333 | G53: ='Data Non-Energy-Sector'!I18 -> 0.68 | H53: =(J53-G53)/(J$50-G$50)*(H$50-G$50)+G53 -> 0.68 | I53: =(J53-H53)/(J$50-H$50)*(I$50-H$50)+H53 -> 0.68 | J53: ='Data Non-Energy-Sector'!K18 -> 0.68 | K53: =D53 -> 0 | L53: =E53 -> 0.22666667 | M53: =F53 -> 0.45333333 | N53: =G53 -> 0.68 | O53: =(Q53-N53)/(Q$50-N$50)*(O$50-N$50)+N53 -> 0.72 | P53: =(Q53-O53)/(Q$50-O$50)*(P$50-O$50)+O53 -> 0.76 | Q53: ='Data Non-Energy-Sector'!L18 -> 0.8 | R53: ='Data Non-Energy-Sector'!G18 -> 1 | S53: =(AC28/N28)^(1/(AC$25-N$25))-1 -> 0.10946742
A54: RECY | B54: =B29 -> Catalysts | C54: temp | D54: ='Data Non-Energy-Sector'!J19 -> 0 | E54: =(G54-D54)/(G$50-D$50)*(E$50-D$50)+D54 -> 0.22666667 | F54: =(G54-E54)/(G$50-E$50)*(F$50-E$50)+E54 -> 0.45333333 | G54: ='Data Non-Energy-Sector'!I19 -> 0.68 | H54: =(J54-G54)/(J$50-G$50)*(H$50-G$50)+G54 -> 0.68 | I54: =(J54-H54)/(J$50-H$50)*(I$50-H$50)+H54 -> 0.68 | J54: ='Data Non-Energy-Sector'!K19 -> 0.68 | K54: =D54 -> 0 | L54: =E54 -> 0.22666667 | M54: =F54 -> 0.45333333 | N54: =G54 -> 0.68 | O54: =(Q54-N54)/(Q$50-N$50)*(O$50-N$50)+N54 -> 0.72 | P54: =(Q54-O54)/(Q$50-O$50)*(P$50-O$50)+O54 -> 0.76 | Q54: ='Data Non-Energy-Sector'!L19 -> 0.8 | R54: ='Data Non-Energy-Sector'!G19 -> 6 | S54: =(AC29/N29)^(1/(AC$25-N$25))-1 -> 0.10946742
A55: RECY | B55: =B30 -> Ceramic & Pigments | C55: temp | D55: ='Data Non-Energy-Sector'!J20 -> 0 | E55: =(G55-D55)/(G$50-D$50)*(E$50-D$50)+D55 -> 0 | F55: =(G55-E55)/(G$50-E$50)*(F$50-E$50)+E55 -> 0 | G55: ='Data Non-Energy-Sector'!I20 -> 0 | H55: =(J55-G55)/(J$50-G$50)*(H$50-G$50)+G55 -> 0 | I55: =(J55-H55)/(J$50-H$50)*(I$50-H$50)+H55 -> 0 | J55: ='Data Non-Energy-Sector'!K20 -> 0 | K55: =D55 -> 0 | L55: =E55 -> 0 | M55: =F55 -> 0 | N55: =G55 -> 0 | O55: =(Q55-N55)/(Q$50-N$50)*(O$50-N$50)+N55 -> 0 | P55: =(Q55-O55)/(Q$50-O$50)*(P$50-O$50)+O55 -> 0 | Q55: ='Data Non-Energy-Sector'!L20 -> 0 | R55: ='Data Non-Energy-Sector'!G20 -> 1 | S55: =(AC30/N30)^(1/(AC$25-N$25))-1 -> 0.10946742
A56: RECY | B56: =B31 -> Magnets | C56: temp | D56: ='Data Non-Energy-Sector'!J21 -> 0 | E56: =(G56-D56)/(G$50-D$50)*(E$50-D$50)+D56 -> 0.22666667 | F56: =(G56-E56)/(G$50-E$50)*(F$50-E$50)+E56 -> 0.45333333 | G56: ='Data Non-Energy-Sector'!I21 -> 0.68 | H56: =(J56-G56)/(J$50-G$50)*(H$50-G$50)+G56 -> 0.68 | I56: =(J56-H56)/(J$50-H$50)*(I$50-H$50)+H56 -> 0.68 | J56: ='Data Non-Energy-Sector'!K21 -> 0.68 | K56: =D56 -> 0 | L56: =E56 -> 0.22666667 | M56: =F56 -> 0.45333333 | N56: =G56 -> 0.68 | O56: =(Q56-N56)/(Q$50-N$50)*(O$50-N$50)+N56 -> 0.72 | P56: =(Q56-O56)/(Q$50-O$50)*(P$50-O$50)+O56 -> 0.76 | Q56: ='Data Non-Energy-Sector'!L21 -> 0.8 | R56: ='Data Non-Energy-Sector'!G21 -> 10 | S56: =(AC31/N31)^(1/(AC$25-N$25))-1 -> 0.10946742
A57: RECY | B57: =B32 -> Tyre adhesives and paint dryers | C57: temp | D57: ='Data Non-Energy-Sector'!J22 -> 0 | E57: =(G57-D57)/(G$50-D$50)*(E$50-D$50)+D57 -> 0.22666667 | F57: =(G57-E57)/(G$50-E$50)*(F$50-E$50)+E57 -> 0.45333333 | G57: ='Data Non-Energy-Sector'!I22 -> 0.68 | H57: =(J57-G57)/(J$50-G$50)*(H$50-G$50)+G57 -> 0.68 | I57: =(J57-H57)/(J$50-H$50)*(I$50-H$50)+H57 -> 0.68 | J57: ='Data Non-Energy-Sector'!K22 -> 0.68 | K57: =D57 -> 0 | L57: =E57 -> 0.22666667 | M57: =F57 -> 0.45333333 | N57: =G57 -> 0.68 | O57: =(Q57-N57)/(Q$50-N$50)*(O$50-N$50)+N57 -> 0.72 | P57: =(Q57-O57)/(Q$50-O$50)*(P$50-O$50)+O57 -> 0.76 | Q57: ='Data Non-Energy-Sector'!L22 -> 0.8 | R57: ='Data Non-Energy-Sector'!G22 -> 1 | S57: =(AC32/N32)^(1/(AC$25-N$25))-1 -> 0.10946742
A58: RECY | B58: =B33 -> others | C58: temp | D58: ='Data Non-Energy-Sector'!J23 -> 0 | E58: =(G58-D58)/(G$50-D$50)*(E$50-D$50)+D58 -> 0.22666667 | F58: =(G58-E58)/(G$50-E$50)*(F$50-E$50)+E58 -> 0.45333333 | G58: ='Data Non-Energy-Sector'!I23 -> 0.68 | H58: =(J58-G58)/(J$50-G$50)*(H$50-G$50)+G58 -> 0.68 | I58: =(J58-H58)/(J$50-H$50)*(I$50-H$50)+H58 -> 0.68 | J58: ='Data Non-Energy-Sector'!K23 -> 0.68 | K58: =D58 -> 0 | L58: =E58 -> 0.22666667 | M58: =F58 -> 0.45333333 | N58: =G58 -> 0.68 | O58: =(Q58-N58)/(Q$50-N$50)*(O$50-N$50)+N58 -> 0.72 | P58: =(Q58-O58)/(Q$50-O$50)*(P$50-O$50)+O58 -> 0.76 | Q58: ='Data Non-Energy-Sector'!L23 -> 0.8 | R58: ='Data Non-Energy-Sector'!G23 -> 1 | S58: =(AC33/N33)^(1/(AC$25-N$25))-1 -> 0.10946742
A59: RECY | B59: =B34 -> - | C59: temp
A60: RECY | B60: =B35 -> - | C60: temp
A61: RECY | B61: =B36 -> - | C61: temp
A62: RECY | B62: =B37 -> - | C62: temp
A63: RECY | B63: =B38 -> - | C63: temp
A64: RECY | B64: =B39 -> - | C64: temp
A65: RECY | B65: =B40 -> - | C65: temp
A66: RECY | B66: =B41 -> - | C66: temp
A67: RECY | B67: =B42 -> - | C67: temp
A68: RECY | B68: =B43 -> - | C68: temp
A69: RECY | B69: =B44 -> - | C69: temp
A70: RECY | B70: =B45 -> - | C70: temp
E71: Python does not read anything below this line!
C77: unit | D77: 1990 | E77: 1991 | F77: 1992 | G77: 1993 | H77: 1994 | I77: 1995 | J77: 1996 | K77: 1997 | L77: 1998 | M77: 1999 | N77: 2000 | O77: 2001 | P77: 2002 | Q77: 2003 | R77: 2004 | S77: 2005 | T77: 2006 | U77: 2007 | V77: 2008 | W77: 2009 | X77: 2010 | Y77: 2011 | Z77: 2012 | AA77: 2013 | AB77: 2014 | AC77: 2015 | AD77: 2016 | AE77: 2017 | AF77: 2018 | AG77: 2019 | AH77: 2020 | AI77: 2021 | AJ77: 2022 | AK77: 2023 | AL77: 2024 | AM77: 2025 | AN77: 2026 | AO77: 2027 | AP77: 2028 | AQ77: 2029 | AR77: 2030 | AS77: 2031 | AT77: 2032 | AU77: 2033 | AV77: 2034 | AW77: 2035 | AX77: 2036 | AY77: 2037 | AZ77: 2038 | BA77: 2039 | BB77: 2040 | BC77: 2041 | BD77: 2042 | BE77: 2043 | BF77: 2044 | BG77: 2045 | BH77: 2046 | BI77: 2047 | BJ77: 2048 | BK77: 2049 | BL77: 2050 | BM77: 2051 | BN77: 2052 | BO77: 2053 | BP77: 2054 | BQ77: 2055 | BR77: 2056 | BS77: 2057 | BT77: 2058 | BU77: 2059 | BV77: 2060 | BW77: 2061 | BX77: 2062 | BY77: 2063 | BZ77: 2064 | CA77: 2065 | CB77: 2066 | CC77: 2067 | CD77: 2068 | CE77: 2069 | CF77: 2070 | CG77: 2071 | CH77: 2072 | CI77: 2073 | CJ77: 2074 | CK77: 2075 | CL77: 2076 | CM77: 2077 | CN77: 2078 | CO77: 2079 | CP77: 2080 | CQ77: 2081 | CR77: 2082 | CS77: 2083 | CT77: 2084 | CU77: 2085 | CV77: 2086 | CW77: 2087 | CX77: 2088 | CY77: 2089 | CZ77: 2090 | DA77: 2091 | DB77: 2092 | DC77: 2093 | DD77: 2094 | DE77: 2095 | DF77: 2096 | DG77: 2097 | DH77: 2098 | DI77: 2099 | DJ77: 2100
B78: Total Production | C78: t/a | D78: =E78/(1+D84) -> 17133.296 | E78: =F78/(1+E84) -> 17643.581 | F78: =G78/(1+F84) -> 17909.728 | G78: =H78/(1+G84) -> 18227.973 | H78: ='Framework Data'!H7 -> 18500 | I78: ='Framework Data'!I7 -> 22100 | J78: ='Framework Data'!J7 -> 27000 | K78: ='Framework Data'!K7 -> 27000 | L78: ='Framework Data'!L7 -> 26300 | M78: ='Framework Data'!M7 -> 29900 | N78: ='Framework Data'!N7 -> 33300 | O78: ='Framework Data'!O7 -> 36700 | ... AG78: ='Framework Data'!AG7 -> 140000
B79: Recycled Content | C79: Factor (0 to 1) | D79: =E79 -> 0 | E79: =F79 -> 0 | F79: =G79 -> 0 | G79: =H79 -> 0 | H79: ='Framework Data'!D71 -> 0 | I79: =($Y$79-$H$79)/($Y$77-$H$77)+H79 -> 0.018823529 | J79: =($Y$79-$H$79)/($Y$77-$H$77)+I79 -> 0.037647059 | K79: =($Y$79-$H$79)/($Y$77-$H$77)+J79 -> 0.056470588 | L79: =($Y$79-$H$79)/($Y$77-$H$77)+K79 -> 0.075294118 | M79: =($Y$79-$H$79)/($Y$77-$H$77)+L79 -> 0.094117647 | N79: =($Y$79-$H$79)/($Y$77-$H$77)+M79 -> 0.11294118 | O79: =($Y$79-$H$79)/($Y$77-$H$77)+N79 -> 0.13176471 | P79: =($Y$79-$H$79)/($Y$77-$H$77)+O79 -> 0.15058824 | ... X79: =($Y$79-$H$79)/($Y$77-$H$77)+W79 -> 0.30117647 | Y79: ='Framework Data'!E71 -> 0.32 | Z79: =($AG$79-$Y$79)/($AG$77-$Y$77)+Y79 -> 0.32 | AA79: =($AG$79-$Y$79)/($AG$77-$Y$77)+Z79 -> 0.32 | AB79: =($AG$79-$Y$79)/($AG$77-$Y$77)+AA79 -> 0.32 | AC79: =($AG$79-$Y$79)/($AG$77-$Y$77)+AB79 -> 0.32 | AD79: =($AG$79-$Y$79)/($AG$77-$Y$77)+AC79 -> 0.32 | AE79: =($AG$79-$Y$79)/($AG$77-$Y$77)+AD79 -> 0.32 | AF79: =($AG$79-$Y$79)/($AG$77-$Y$77)+AE79 -> 0.32 | AG79: ='Framework Data'!G71 -> 0.32
B80: Total Demand | C80: t/a | D80: =D78/(1-D79) -> 17133.296 | E80: =E78/(1-E79) -> 17643.581 | F80: =F78/(1-F79) -> 17909.728 | G80: =G78/(1-G79) -> 18227.973 | H80: =H78/(1-H79) -> 18500 | I80: =I78/(1-I79) -> 22523.981 | J80: =J78/(1-J79) -> 28056.235 | K80: =K78/(1-K79) -> 28615.96 | ... AG80: =AG78/(1-AG79) -> 205882.35
B81: Demand Energy Sector | C81: t/a | D81: ='Framework Data'!D8 -> 0 | E81: ='Framework Data'!E8 -> 523.49608 | F81: ='Framework Data'!F8 -> 523.49608 | G81: ='Framework Data'!G8 -> 523.49608 | H81: ='Framework Data'!H8 -> 523.49608 | I81: ='Framework Data'!I8 -> 523.49608 | J81: ='Framework Data'!J8 -> 523.49608 | K81: ='Framework Data'!K8 -> 523.49608 | ... AG81: ='Framework Data'!AG8 -> 24883.839
B82: Demand without Energy Sector | C82: t/a | D82: =D80-D81 -> 17133.296 | E82: =E80-E81 -> 17120.085 | F82: =F80-F81 -> 17386.232 | G82: =G80-G81 -> 17704.476 | H82: =H80-H81 -> 17976.504 | I82: =I80-I81 -> 22000.485 | J82: =J80-J81 -> 27532.739 | K82: =K80-K81 -> 28092.464 | ... AG82: =AG80-AG81 -> 180998.51
B83: GDP, PPP | C83: Int$ | D83: ='Framework Data'!D$57 -> 5.0950509e+13 | E83: ='Framework Data'!E$57 -> 5.1647195e+13 | F83: ='Framework Data'!F$57 -> 5.2470668e+13 | G83: ='Framework Data'!G$57 -> 5.3337589e+13 | H83: ='Framework Data'!H$57 -> 5.4833949e+13 | I83: ='Framework Data'!I$57 -> 5.6562297e+13 | J83: ='Framework Data'!J$57 -> 5.8705719e+13 | K83: ='Framework Data'!K$57 -> 6.0986321e+13 | ... AG83: ='Framework Data'!AG$57 -> 1.2979685e+14
B84: GDP Annual Growth | C84: % | D84: ='Framework Data'!D$60 -> 0.029783223 | E84: ='Framework Data'!E$60 -> 0.015084612 | F84: ='Framework Data'!F$60 -> 0.017769386 | G84: ='Framework Data'!G$60 -> 0.014923625 | H84: ='Framework Data'!H$60 -> 0.029467758 | I84: ='Framework Data'!I$60 -> 0.030206666 | J84: ='Framework Data'!J$60 -> 0.03430992 | K84: ='Framework Data'!K$60 -> 0.037078028 | ... AG84: ='Framework Data'!AG$60 -> 0.023355581
B85: GDP Annual Growth - "High" | C85: % | AG85: ='Framework Data'!AG$61 -> 0.032 | AH85: ='Framework Data'!AH$61 -> 0.032 | AI85: ='Framework Data'!AI$61 -> 0.032 | AJ85: ='Framework Data'!AJ$61 -> 0.032 | AK85: ='Framework Data'!AK$61 -> 0.032 | AL85: ='Framework Data'!AL$61 -> 0.032 | AM85: ='Framework Data'!AM$61 -> 0.032 | AN85: ='Framework Data'!AN$61 -> 0.032 | ... DJ85: ='Framework Data'!DJ$61 -> 0.032
B86: GDP Annual Growth - "Low" | C86: % | AG86: ='Framework Data'!AG$62 -> 0.032 | AH86: ='Framework Data'!AH$62 -> 0.032 | AI86: ='Framework Data'!AI$62 -> 0.032 | AJ86: ='Framework Data'!AJ$62 -> 0.032 | AK86: ='Framework Data'!AK$62 -> 0.032 | AL86: ='Framework Data'!AL$62 -> 0.032 | AM86: ='Framework Data'!AM$62 -> 0.032 | AN86: ='Framework Data'!AN$62 -> 0.032 | ... DJ86: ='Framework Data'!DJ$62 -> 0.032
B88: Demand from other sectors
B89: =B3 -> Batteries | C89: % | D89: =E89 -> 0.42 | E89: =F89 -> 0.42 | F89: =G89 -> 0.42 | G89: =H89 -> 0.42 | H89: =I89 -> 0.42 | I89: =J89 -> 0.42 | J89: =K89 -> 0.42 | K89: =L89 -> 0.42 | ... AF89: =AG89 -> 0.42 | AG89: ='Data Non-Energy-Sector'!E16 -> 0.42
B90: =B4 -> Superlloys, hardfacing/HSS and other alloy | C90: % | D90: =E90 -> 0.23 | E90: =F90 -> 0.23 | F90: =G90 -> 0.23 | G90: =H90 -> 0.23 | H90: =I90 -> 0.23 | I90: =J90 -> 0.23 | J90: =K90 -> 0.23 | K90: =L90 -> 0.23 | ... AF90: =AG90 -> 0.23 | AG90: ='Data Non-Energy-Sector'!E17 -> 0.23
B91: =B5 -> Hard materials (carbides and diamond tools) | C91: % | D91: =E91 -> 0.1 | E91: =F91 -> 0.1 | F91: =G91 -> 0.1 | G91: =H91 -> 0.1 | H91: =I91 -> 0.1 | I91: =J91 -> 0.1 | J91: =K91 -> 0.1 | K91: =L91 -> 0.1 | ... AF91: =AG91 -> 0.1 | AG91: ='Data Non-Energy-Sector'!E18 -> 0.1
B92: =B6 -> Catalysts | C92: % | D92: =E92 -> 0.07 | E92: =F92 -> 0.07 | F92: =G92 -> 0.07 | G92: =H92 -> 0.07 | H92: =I92 -> 0.07 | I92: =J92 -> 0.07 | J92: =K92 -> 0.07 | K92: =L92 -> 0.07 | ... AF92: =AG92 -> 0.07 | AG92: ='Data Non-Energy-Sector'!E19 -> 0.07
B93: =B7 -> Ceramic & Pigments | C93: % | D93: =E93 -> 0.05 | E93: =F93 -> 0.05 | F93: =G93 -> 0.05 | G93: =H93 -> 0.05 | H93: =I93 -> 0.05 | I93: =J93 -> 0.05 | J93: =K93 -> 0.05 | K93: =L93 -> 0.05 | ... AF93: =AG93 -> 0.05 | AG93: ='Data Non-Energy-Sector'!E20 -> 0.05
B94: =B8 -> Magnets | C94: % | D94: =E94 -> 0.05 | E94: =F94 -> 0.05 | F94: =G94 -> 0.05 | G94: =H94 -> 0.05 | H94: =I94 -> 0.05 | I94: =J94 -> 0.05 | J94: =K94 -> 0.05 | K94: =L94 -> 0.05 | ... AF94: =AG94 -> 0.05 | AG94: ='Data Non-Energy-Sector'!E21 -> 0.05
B95: =B9 -> Tyre adhesives and paint dryers | C95: % | D95: =E95 -> 0.04 | E95: =F95 -> 0.04 | F95: =G95 -> 0.04 | G95: =H95 -> 0.04 | H95: =I95 -> 0.04 | I95: =J95 -> 0.04 | J95: =K95 -> 0.04 | K95: =L95 -> 0.04 | ... AF95: =AG95 -> 0.04 | AG95: ='Data Non-Energy-Sector'!E22 -> 0.04
B96: =B10 -> others | C96: % | D96: =E96 -> 0.04 | E96: =F96 -> 0.04 | F96: =G96 -> 0.04 | G96: =H96 -> 0.04 | H96: =I96 -> 0.04 | I96: =J96 -> 0.04 | J96: =K96 -> 0.04 | K96: =L96 -> 0.04 | ... AF96: =AG96 -> 0.04 | AG96: ='Data Non-Energy-Sector'!E23 -> 0.04
B97: Demand from other sectors
B98: HI
B99: =B89 -> Batteries | C99: t/a | D99: =D$82*D89 -> 7195.9845 | E99: =E$82*E89 -> 7190.4357 | F99: =F$82*F89 -> 7302.2173 | G99: =G$82*G89 -> 7435.8801 | H99: =H$82*H89 -> 7550.1316 | I99: =I$82*I89 -> 9240.2036 | J99: =J$82*J89 -> 11563.75 | K99: =K$82*K89 -> 11798.835 | ... AG99: =AG$82*AG89 -> 76019.376 | AH99: =AG99*(1+AH$85) -> 78451.996 | AI99: =AH99*(1+AI$85) -> 80962.46 | AJ99: =AI99*(1+AJ$85) -> 83553.258 | AK99: =AJ99*(1+AK$85) -> 86226.963 | AL99: =AK99*(1+AL$85) -> 88986.226 | AM99: =AL99*(1+AM$85) -> 91833.785 | AN99: =AM99*(1+AN$85) -> 94772.466 | AO99: =AN99*(1+AO$85) -> 97805.185 | ... DJ99: =DI99*(1+DJ$85) -> 974944.25
B100: =B90 -> Superlloys, hardfacing/HSS and other alloy | C100: t/a | D100: =D$82*D90 -> 3940.6582 | E100: =E$82*E90 -> 3937.6196 | F100: =F$82*F90 -> 3998.8333 | G100: =G$82*G90 -> 4072.0296 | H100: =H$82*H90 -> 4134.5959 | I100: =I$82*I90 -> 5060.1115 | J100: =J$82*J90 -> 6332.5299 | K100: =K$82*K90 -> 6461.2667 | ... AG100: =AG$82*AG90 -> 41629.658 | AH100: =AG100*(1+AH$85) -> 42961.807 | AI100: =AH100*(1+AI$85) -> 44336.585 | AJ100: =AI100*(1+AJ$85) -> 45755.356 | AK100: =AJ100*(1+AK$85) -> 47219.527 | AL100: =AK100*(1+AL$85) -> 48730.552 | AM100: =AL100*(1+AM$85) -> 50289.93 | AN100: =AM100*(1+AN$85) -> 51899.207 | AO100: =AN100*(1+AO$85) -> 53559.982 | ... DJ100: =DI100*(1+DJ$85) -> 533898.04
B101: =B91 -> Hard materials (carbides and diamond tools) | C101: t/a | D101: =D$82*D91 -> 1713.3296 | E101: =E$82*E91 -> 1712.0085 | F101: =F$82*F91 -> 1738.6232 | G101: =G$82*G91 -> 1770.4476 | H101: =H$82*H91 -> 1797.6504 | I101: =I$82*I91 -> 2200.0485 | J101: =J$82*J91 -> 2753.2739 | K101: =K$82*K91 -> 2809.2464 | ... AG101: =AG$82*AG91 -> 18099.851 | AH101: =AG101*(1+AH$85) -> 18679.047 | AI101: =AH101*(1+AI$85) -> 19276.776 | AJ101: =AI101*(1+AJ$85) -> 19893.633 | AK101: =AJ101*(1+AK$85) -> 20530.229 | AL101: =AK101*(1+AL$85) -> 21187.197 | AM101: =AL101*(1+AM$85) -> 21865.187 | AN101: =AM101*(1+AN$85) -> 22564.873 | AO101: =AN101*(1+AO$85) -> 23286.949 | ... DJ101: =DI101*(1+DJ$85) -> 232129.58
B102: =B92 -> Catalysts | C102: t/a | D102: =D$82*D92 -> 1199.3307 | E102: =E$82*E92 -> 1198.406 | F102: =F$82*F92 -> 1217.0362 | G102: =G$82*G92 -> 1239.3134 | H102: =H$82*H92 -> 1258.3553 | I102: =I$82*I92 -> 1540.0339 | J102: =J$82*J92 -> 1927.2917 | K102: =K$82*K92 -> 1966.4725 | ... AG102: =AG$82*AG92 -> 12669.896 | AH102: =AG102*(1+AH$85) -> 13075.333 | AI102: =AH102*(1+AI$85) -> 13493.743 | AJ102: =AI102*(1+AJ$85) -> 13925.543 | AK102: =AJ102*(1+AK$85) -> 14371.16 | AL102: =AK102*(1+AL$85) -> 14831.038 | AM102: =AL102*(1+AM$85) -> 15305.631 | AN102: =AM102*(1+AN$85) -> 15795.411 | AO102: =AN102*(1+AO$85) -> 16300.864 | ... DJ102: =DI102*(1+DJ$85) -> 162490.71
B103: =B93 -> Ceramic & Pigments | C103: t/a | D103: =D$82*D93 -> 856.66482 | E103: =E$82*E93 -> 856.00425 | F103: =F$82*F93 -> 869.31158 | G103: =G$82*G93 -> 885.22382 | H103: =H$82*H93 -> 898.8252 | I103: =I$82*I93 -> 1100.0242 | J103: =J$82*J93 -> 1376.6369 | K103: =K$82*K93 -> 1404.6232 | ... AG103: =AG$82*AG93 -> 9049.9257 | AH103: =AG103*(1+AH$85) -> 9339.5233 | AI103: =AH103*(1+AI$85) -> 9638.3881 | AJ103: =AI103*(1+AJ$85) -> 9946.8165 | AK103: =AJ103*(1+AK$85) -> 10265.115 | AL103: =AK103*(1+AL$85) -> 10593.598 | AM103: =AL103*(1+AM$85) -> 10932.593 | AN103: =AM103*(1+AN$85) -> 11282.436 | AO103: =AN103*(1+AO$85) -> 11643.474 | ... DJ103: =DI103*(1+DJ$85) -> 116064.79
B104: =B94 -> Magnets | C104: t/a | D104: =D$82*D94 -> 856.66482 | E104: =E$82*E94 -> 856.00425 | F104: =F$82*F94 -> 869.31158 | G104: =G$82*G94 -> 885.22382 | H104: =H$82*H94 -> 898.8252 | I104: =I$82*I94 -> 1100.0242 | J104: =J$82*J94 -> 1376.6369 | K104: =K$82*K94 -> 1404.6232 | ... AG104: =AG$82*AG94 -> 9049.9257 | AH104: =AG104*(1+AH$85) -> 9339.5233 | AI104: =AH104*(1+AI$85) -> 9638.3881 | AJ104: =AI104*(1+AJ$85) -> 9946.8165 | AK104: =AJ104*(1+AK$85) -> 10265.115 | AL104: =AK104*(1+AL$85) -> 10593.598 | AM104: =AL104*(1+AM$85) -> 10932.593 | AN104: =AM104*(1+AN$85) -> 11282.436 | AO104: =AN104*(1+AO$85) -> 11643.474 | ... DJ104: =DI104*(1+DJ$85) -> 116064.79
B105: =B95 -> Tyre adhesives and paint dryers | C105: t/a | D105: =D$82*D95 -> 685.33185 | E105: =E$82*E95 -> 684.8034 | F105: =F$82*F95 -> 695.44927 | G105: =G$82*G95 -> 708.17906 | H105: =H$82*H95 -> 719.06016 | I105: =I$82*I95 -> 880.01939 | J105: =J$82*J95 -> 1101.3095 | K105: =K$82*K95 -> 1123.6986 | ... AG105: =AG$82*AG95 -> 7239.9406 | AH105: =AG105*(1+AH$85) -> 7471.6187 | AI105: =AH105*(1+AI$85) -> 7710.7105 | AJ105: =AI105*(1+AJ$85) -> 7957.4532 | AK105: =AJ105*(1+AK$85) -> 8212.0917 | AL105: =AK105*(1+AL$85) -> 8474.8786 | AM105: =AL105*(1+AM$85) -> 8746.0747 | AN105: =AM105*(1+AN$85) -> 9025.9491 | AO105: =AN105*(1+AO$85) -> 9314.7795 | ... DJ105: =DI105*(1+DJ$85) -> 92851.833
B106: =B96 -> others | C106: t/a | D106: =D$82*D96 -> 685.33185 | E106: =E$82*E96 -> 684.8034 | F106: =F$82*F96 -> 695.44927 | G106: =G$82*G96 -> 708.17906 | H106: =H$82*H96 -> 719.06016 | I106: =I$82*I96 -> 880.01939 | J106: =J$82*J96 -> 1101.3095 | K106: =K$82*K96 -> 1123.6986 | ... AG106: =AG$82*AG96 -> 7239.9406 | AH106: =AG106*(1+AH$85) -> 7471.6187 | AI106: =AH106*(1+AI$85) -> 7710.7105 | AJ106: =AI106*(1+AJ$85) -> 7957.4532 | AK106: =AJ106*(1+AK$85) -> 8212.0917 | AL106: =AK106*(1+AL$85) -> 8474.8786 | AM106: =AL106*(1+AM$85) -> 8746.0747 | AN106: =AM106*(1+AN$85) -> 9025.9491 | AO106: =AN106*(1+AO$85) -> 9314.7795 | ... DJ106: =DI106*(1+DJ$85) -> 92851.833
B107: LO
B108: =B99 -> Batteries | C108: t/a | D108: =D$82*D89 -> 7195.9845 | E108: =E$82*E89 -> 7190.4357 | F108: =F$82*F89 -> 7302.2173 | G108: =G$82*G89 -> 7435.8801 | H108: =H$82*H89 -> 7550.1316 | I108: =I$82*I89 -> 9240.2036 | J108: =J$82*J89 -> 11563.75 | K108: =K$82*K89 -> 11798.835 | ... AG108: =AG$82*AG89 -> 76019.376 | AH108: =AH99 -> 78451.996 | AI108: =AH108*(1+AI$86) -> 80962.46 | AJ108: =AI108*(1+AJ$86) -> 83553.258 | AK108: =AJ108*(1+AK$86) -> 86226.963 | AL108: =AK108*(1+AL$86) -> 88986.226 | AM108: =AL108*(1+AM$86) -> 91833.785 | AN108: =AM108*(1+AN$86) -> 94772.466 | AO108: =AN108*(1+AO$86) -> 97805.185 | AP108: =AO108*(1+AP$86) -> 100934.95 | ... DJ108: =DI108*(1+DJ$86) -> 974944.25
...

Sheet Cobalt_Junne
A1: TYPE
A2: HI | B2: =MID(CELL("Dateiname",$B$2),FIND("]", CELL("Dateiname",$B$2))+1,31)&" HI" -> #VALUE! | C2: unit | D2: 1990 | E2: =D2+1 -> 1991 | F2: =E2+1 -> 1992 | G2: =F2+1 -> 1993 | H2: =G2+1 -> 1994 | I2: =H2+1 -> 1995 | J2: =I2+1 -> 1996 | K2: =J2+1 -> 1997 | L2: =K2+1 -> 1998 | ... BL2: =BK2+1 -> 2050 | BM2: Python does not read anything right of this line!
A3: HI | B3: =Data_Junne!B47 -> Batteries | C3: t/a | D3: =D105 -> 3896.6349 | E3: =E105 -> 4009.7585 | F3: =F105 -> 4066.6562 | G3: =G105 -> 4138.5513 | H3: =H105 -> 4218 | I3: =I105 -> 5135.4676 | J3: =J105 -> 6396.8215 | K3: =K105 -> 6524.4389 | ... BL3: =BL105 -> 270313.83
A4: HI | B4: =Data_Junne!B48 -> Superalloys, hardfacing/HSS and other alloy | C4: t/a | D4: =D106 -> 5232.0515 | E4: =E106 -> 5383.9437 | F4: =F106 -> 5460.3409 | G4: =G106 -> 5556.8752 | H4: =H106 -> 5663.5517 | I4: =I106 -> 6895.4449 | J4: =J106 -> 8589.0776 | K4: =K106 -> 8760.4308 | ... BL4: =BL106 -> 149641.06
A5: HI | B5: =Data_Junne!B49 -> Hard materials (carbides and diamond tools) | C5: t/a | D5: =D107 -> 2274.805 | E5: =E107 -> 2340.8451 | F5: =F107 -> 2374.0613 | G5: =G107 -> 2416.0327 | H5: =H107 -> 2462.4138 | I5: =I107 -> 2998.0195 | J5: =J107 -> 3734.3816 | K5: =K107 -> 3808.883 | ... BL5: =BL107 -> 58245.784
A6: HI | B6: =Data_Junne!B50 -> Catalysts | C6: t/a | D6: =D108 -> 1592.3635 | E6: =E108 -> 1638.5916 | F6: =F108 -> 1661.8429 | G6: =G108 -> 1691.2229 | H6: =H108 -> 1723.6897 | I6: =I108 -> 2098.6137 | J6: =J108 -> 2614.0671 | K6: =K108 -> 2666.2181 | ... BL6: =BL108 -> 26765.231
A7: HI | B7: =Data_Junne!B51 -> Ceramics and Pigments | C7: t/a | D7: =D109 -> 1137.4025 | E7: =E109 -> 1170.4225 | F7: =F109 -> 1187.0306 | G7: =G109 -> 1208.0163 | H7: =H109 -> 1231.2069 | I7: =I109 -> 1499.0098 | J7: =J109 -> 1867.1908 | K7: =K109 -> 1904.4415 | ... BL7: =BL109 -> 17491.079
A8: HI | B8: =Data_Junne!B52 -> Magnets | C8: t/a | D8: =D110 -> 1137.4025 | E8: =E110 -> 1170.4225 | F8: =F110 -> 1187.0306 | G8: =G110 -> 1208.0163 | H8: =H110 -> 1231.2069 | I8: =I110 -> 1499.0098 | J8: =J110 -> 1867.1908 | K8: =K110 -> 1904.4415 | ... BL8: =BL110 -> 13960.576
A9: HI | B9: =Data_Junne!B53 -> Tyre adhesives and paint dryers | C9: t/a | D9: =D111 -> 909.92201 | E9: =E111 -> 936.33803 | F9: =F111 -> 949.6245 | G9: =G111 -> 966.41308 | H9: =H111 -> 984.96552 | I9: =I111 -> 1199.2078 | J9: =J111 -> 1493.7526 | K9: =K111 -> 1523.5532 | ... BL9: =BL111 -> 12679.007
A10: HI | B10: =Data_Junne!B54 -> Others | C10: t/a | D10: =D112 -> 909.92201 | E10: =E112 -> 936.33803 | F10: =F112 -> 949.6245 | G10: =G112 -> 966.41308 | H10: =H112 -> 984.96552 | I10: =I112 -> 1199.2078 | J10: =J112 -> 1493.7526 | K10: =K112 -> 1523.5532 | ... BL10: =BL112 -> 12679.007
A11: HI | B11: - | C11: t/a
A12: HI | B12: - | C12: t/a
A13: HI | B13: - | C13: t/a
A14: HI | B14: - | C14: t/a
A15: HI | B15: - | C15: t/a
A16: HI | B16: - | C16: t/a
A17: HI | B17: - | C17: t/a
A18: HI | B18: - | C18: t/a
A19: HI | B19: - | C19: t/a
A20: HI | B20: - | C20: t/a
A21: HI | B21: - | C21: t/a
A22: HI | B22: - | C22: t/a
B23: Total | C23: t/a | D23: =SUM(D3:D22) -> 17090.504 | E23: =SUM(E3:E22) -> 17586.66 | F23: =SUM(F3:F22) -> 17836.212 | G23: =SUM(G3:G22) -> 18151.541 | H23: =SUM(H3:H22) -> 18500 | I23: =SUM(I3:I22) -> 22523.981 | J23: =SUM(J3:J22) -> 28056.235 | K23: =SUM(K3:K22) -> 28615.96 | ... BL23: =SUM(BL3:BL22) -> 561775.57
A25: LO | B25: =MID(CELL("Dateiname",$B$2),FIND("]", CELL("Dateiname",$B$2))+1,31)&" LO" -> #VALUE! | C25: =C2 -> unit | D25: =D2 -> 1990 | E25: =E2 -> 1991 | F25: =F2 -> 1992 | G25: =G2 -> 1993 | H25: =H2 -> 1994 | I25: =I2 -> 1995 | J25: =J2 -> 1996 | ... BL25: =BL2 -> 2050
A26: LO | B26: =B3 -> Batteries | C26: =C3 -> t/a | D26: =D3 -> 3896.6349 | E26: =E3 -> 4009.7585 | F26: =F3 -> 4066.6562 | G26: =G3 -> 4138.5513 | H26: =H3 -> 4218 | I26: =I3 -> 5135.4676 | ... AC26: =AC3 -> 69300 | AD26: =AD114 -> 71036.595 | AE26: =AE114 -> 73276.044 | AF26: =AF114 -> 75618.279 | AG26: =AG114 -> 78035.383 | AH26: =AH114 -> 80529.749 | AI26: =AI114 -> 83103.846 | AJ26: =AJ114 -> 85760.223 | AK26: =AK114 -> 88501.509 | ... BL26: =BL114 -> 206966.32
A27: LO | B27: =B4 -> Superalloys, hardfacing/HSS and other alloy | C27: =C4 -> t/a | D27: =D4 -> 5232.0515 | E27: =E4 -> 5383.9437 | F27: =F4 -> 5460.3409 | G27: =G4 -> 5556.8752 | H27: =H4 -> 5663.5517 | I27: =I4 -> 6895.4449 | ... AC27: =AC4 -> 48300 | AD27: =AD115 -> 49510.354 | AE27: =AE115 -> 51071.182 | AF27: =AF115 -> 52703.649 | AG27: =AG115 -> 54388.297 | AH27: =AH115 -> 56126.795 | AI27: =AI115 -> 57920.862 | AJ27: =AJ115 -> 59772.276 | AK27: =AK115 -> 61682.87 | ... BL27: =BL115 -> 144249.25
A28: LO | B28: =B5 -> Hard materials (carbides and diamond tools) | C28: =C5 -> t/a | D28: =D5 -> 2274.805 | E28: =E5 -> 2340.8451 | F28: =F5 -> 2374.0613 | G28: =G5 -> 2416.0327 | H28: =H5 -> 2462.4138 | I28: =I5 -> 2998.0195 | ... AC28: =AC5 -> 21000 | AD28: =AD116 -> 21526.241 | AE28: =AE116 -> 22204.862 | AF28: =AF116 -> 22914.63 | AG28: =AG116 -> 23647.086 | AH28: =AH116 -> 24402.954 | AI28: =AI116 -> 25182.984 | AJ28: =AJ116 -> 25987.946 | AK28: =AK116 -> 26818.639 | ... BL28: =BL116 -> 62717.066
A29: LO | B29: =B6 -> Catalysts | C29: =C6 -> t/a | D29: =D6 -> 1592.3635 | E29: =E6 -> 1638.5916 | F29: =F6 -> 1661.8429 | G29: =G6 -> 1691.2229 | H29: =H6 -> 1723.6897 | I29: =I6 -> 2098.6137 | ... AC29: =AC6 -> 14700 | AD29: =AD117 -> 15068.369 | AE29: =AE117 -> 15543.403 | AF29: =AF117 -> 16040.241 | AG29: =AG117 -> 16552.96 | AH29: =AH117 -> 17082.068 | AI29: =AI117 -> 17628.089 | AJ29: =AJ117 -> 18191.562 | AK29: =AK117 -> 18773.047 | ... BL29: =BL117 -> 43901.946
A30: LO | B30: =B7 -> Ceramics and Pigments | C30: =C7 -> t/a | D30: =D7 -> 1137.4025 | E30: =E7 -> 1170.4225 | F30: =F7 -> 1187.0306 | G30: =G7 -> 1208.0163 | H30: =H7 -> 1231.2069 | I30: =I7 -> 1499.0098 | ... AC30: =AC7 -> 10500 | AD30: =AD118 -> 10763.12 | AE30: =AE118 -> 11102.431 | AF30: =AF118 -> 11457.315 | AG30: =AG118 -> 11823.543 | AH30: =AH118 -> 12201.477 | AI30: =AI118 -> 12591.492 | AJ30: =AJ118 -> 12993.973 | AK30: =AK118 -> 13409.32 | ... BL30: =BL118 -> 31358.533
A31: LO | B31: =B8 -> Magnets | C31: =C8 -> t/a | D31: =D8 -> 1137.4025 | E31: =E8 -> 1170.4225 | F31: =F8 -> 1187.0306 | G31: =G8 -> 1208.0163 | H31: =H8 -> 1231.2069 | I31: =I8 -> 1499.0098 | ... AC31: =AC8 -> 10500 | AD31: =AD119 -> 10763.12 | AE31: =AE119 -> 11102.431 | AF31: =AF119 -> 11457.315 | AG31: =AG119 -> 11823.543 | AH31: =AH119 -> 12201.477 | AI31: =AI119 -> 12591.492 | AJ31: =AJ119 -> 12993.973 | AK31: =AK119 -> 13409.32 | ... BL31: =BL119 -> 31358.533
A32: LO | B32: =B9 -> Tyre adhesives and paint dryers | C32: =C9 -> t/a | D32: =D9 -> 909.92201 | E32: =E9 -> 936.33803 | F32: =F9 -> 949.6245 | G32: =G9 -> 966.41308 | H32: =H9 -> 984.96552 | I32: =I9 -> 1199.2078 | ... AC32: =AC9 -> 8400 | AD32: =AD120 -> 8610.4963 | AE32: =AE120 -> 8881.9447 | AF32: =AF120 -> 9165.852 | AG32: =AG120 -> 9458.8343 | AH32: =AH120 -> 9761.1817 | AI32: =AI120 -> 10073.193 | AJ32: =AJ120 -> 10395.179 | AK32: =AK120 -> 10727.456 | ... BL32: =BL120 -> 25086.826
A33: LO | B33: =B10 -> Others | C33: =C10 -> t/a | D33: =D10 -> 909.92201 | E33: =E10 -> 936.33803 | F33: =F10 -> 949.6245 | G33: =G10 -> 966.41308 | H33: =H10 -> 984.96552 | I33: =I10 -> 1199.2078 | ... AC33: =AC10 -> 8400 | AD33: =AD121 -> 8610.4963 | AE33: =AE121 -> 8881.9447 | AF33: =AF121 -> 9165.852 | AG33: =AG121 -> 9458.8343 | AH33: =AH121 -> 9761.1817 | AI33: =AI121 -> 10073.193 | AJ33: =AJ121 -> 10395.179 | AK33: =AK121 -> 10727.456 | ... BL33: =BL121 -> 25086.826
A34: LO | B34: =B11 -> - | C34: =C11 -> t/a
A35: LO | B35: =B12 -> - | C35: =C12 -> t/a
A36: LO | B36: =B13 -> - | C36: =C13 -> t/a
A37: LO | B37: =B14 -> - | C37: =C14 -> t/a
A38: LO | B38: =B15 -> - | C38: =C15 -> t/a
A39: LO | B39: =B16 -> - | C39: =C16 -> t/a
A40: LO | B40: =B17 -> - | C40: =C17 -> t/a
A41: LO | B41: =B18 -> - | C41: =C18 -> t/a
A42: LO | B42: =B19 -> - | C42: =C19 -> t/a
A43: LO | B43: =B20 -> - | C43: =C20 -> t/a
A44: LO | B44: =B21 -> - | C44: =C21 -> t/a
A45: LO | B45: =B22 -> - | C45: =C22 -> t/a
B46: Total | C46: t/a | D46: =SUM(D26:D45) -> 17090.504 | E46: =SUM(E26:E45) -> 17586.66 | F46: =SUM(F26:F45) -> 17836.212 | G46: =SUM(G26:G45) -> 18151.541 | H46: =SUM(H26:H45) -> 18500 | I46: =SUM(I26:I45) -> 22523.981 | J46: =SUM(J26:J45) -> 28056.235 | K46: =SUM(K26:K45) -> 28615.96 | ... BL46: =SUM(BL26:BL45) -> 570725.3
A48: RECY | B48: =MID(CELL("Dateiname",$B$2),FIND("]", CELL("Dateiname",$B$2))+1,31) -> #VALUE! | C48: temp | D48: recyMod1 | E48: recyMod2 | F48: recyMod3 | G48: recyMod4 | H48: recyMod5 | I48: recyMod6 | J48: recyMod7 | K48: recyAmb1 | L48: recyAmb2 | M48: recyAmb3 | N48: recyAmb4 | O48: recyAmb5 | P48: recyAmb6 | Q48: recyAmb7 | R48: tau | S48: growthrate
A49: RECY | B49: temp | C49: temp | D49: moderate recycling rates | K49: ambitious recycling rates | R49: other infos
A50: RECY | B50: =MID(CELL("Dateiname",$B$2),FIND("]", CELL("Dateiname",$B$2))+1,31)&" RECY" -> #VALUE! | C50: temp | D50: 1990 | E50: =D50+10 -> 2000 | F50: =E50+10 -> 2010 | G50: =F50+10 -> 2020 | H50: =G50+10 -> 2030 | I50: =H50+10 -> 2040 | J50: =I50+10 -> 2050 | K50: 1990 | L50: =K50+10 -> 2000 | M50: =L50+10 -> 2010 | N50: =M50+10 -> 2020 | O50: =N50+10 -> 2030 | P50: =O50+10 -> 2040 | Q50: =P50+10 -> 2050 | R50: tau | S50: growthrate
A51: RECY | B51: =B26 -> Batteries | C51: temp | D51: =Data_Junne!D28 -> 0 | E51: =(G51-D51)/(G$50-D$50)*(E$50-D$50)+D51 -> 0.13333333 | F51: =(G51-E51)/(G$50-E$50)*(F$50-E$50)+E51 -> 0.26666667 | G51: =Data_Junne!E28 -> 0.4 | H51: =(J51-G51)/(J$50-G$50)*(H$50-G$50)+G51 -> 0.4 | I51: =(J51-H51)/(J$50-H$50)*(I$50-H$50)+H51 -> 0.4 | J51: =Data_Junne!F28 -> 0.4 | K51: =D51 -> 0 | L51: =E51 -> 0.13333333 | M51: =F51 -> 0.26666667 | N51: =G51 -> 0.4 | O51: =(Q51-N51)/(Q$50-N$50)*(O$50-N$50)+N51 -> 0.58333333 | P51: =(Q51-O51)/(Q$50-O$50)*(P$50-O$50)+O51 -> 0.76666667 | Q51: =Data_Junne!G28 -> 0.95 | R51: =Data_Junne!D47 -> 5 | S51: 0.016
A52: RECY | B52: =B27 -> Superalloys, hardfacing/HSS and other alloy | C52: temp | D52: =D51 -> 0 | E52: =(G52-D52)/(G$50-D$50)*(E$50-D$50)+D52 -> 0.13333333 | F52: =(G52-E52)/(G$50-E$50)*(F$50-E$50)+E52 -> 0.26666667 | G52: =G51 -> 0.4 | H52: =(J52-G52)/(J$50-G$50)*(H$50-G$50)+G52 -> 0.4 | I52: =(J52-H52)/(J$50-H$50)*(I$50-H$50)+H52 -> 0.4 | J52: =J51 -> 0.4 | K52: =D52 -> 0 | L52: =E52 -> 0.13333333 | M52: =F52 -> 0.26666667 | N52: =G52 -> 0.4 | O52: =(Q52-N52)/(Q$50-N$50)*(O$50-N$50)+N52 -> 0.58333333 | P52: =(Q52-O52)/(Q$50-O$50)*(P$50-O$50)+O52 -> 0.76666667 | Q52: 0.95 | R52: =Data_Junne!D48 -> 1 | S52: 0.0145
A53: RECY | B53: =B28 -> Hard materials (carbides and diamond tools) | C53: temp | D53: =D52 -> 0 | E53: =(G53-D53)/(G$50-D$50)*(E$50-D$50)+D53 -> 0.083333333 | F53: =(G53-E53)/(G$50-E$50)*(F$50-E$50)+E53 -> 0.16666667 | G53: =Data_Junne!E29 -> 0.25 | H53: =(J53-G53)/(J$50-G$50)*(H$50-G$50)+G53 -> 0.25 | I53: =(J53-H53)/(J$50-H$50)*(I$50-H$50)+H53 -> 0.25 | J53: =Data_Junne!F29 -> 0.25 | K53: =D53 -> 0 | L53: =E53 -> 0.083333333 | M53: =F53 -> 0.16666667 | N53: =G53 -> 0.25 | O53: =(Q53-N53)/(Q$50-N$50)*(O$50-N$50)+N53 -> 0.48333333 | P53: =(Q53-O53)/(Q$50-O$50)*(P$50-O$50)+O53 -> 0.71666667 | Q53: =Q52 -> 0.95 | R53: =Data_Junne!D49 -> 1 | S53: 0.0144
A54: RECY | B54: =B29 -> Catalysts | C54: temp | D54: =D53 -> 0 | E54: =(G54-D54)/(G$50-D$50)*(E$50-D$50)+D54 -> 0.083333333 | F54: =(G54-E54)/(G$50-E$50)*(F$50-E$50)+E54 -> 0.16666667 | G54: =G53 -> 0.25 | H54: =(J54-G54)/(J$50-G$50)*(H$50-G$50)+G54 -> 0.25 | I54: =(J54-H54)/(J$50-H$50)*(I$50-H$50)+H54 -> 0.25 | J54: =J53 -> 0.25 | K54: =D54 -> 0 | L54: =E54 -> 0.083333333 | M54: =F54 -> 0.16666667 | N54: =G54 -> 0.25 | O54: =(Q54-N54)/(Q$50-N$50)*(O$50-N$50)+N54 -> 0.48333333 | P54: =(Q54-O54)/(Q$50-O$50)*(P$50-O$50)+O54 -> 0.71666667 | Q54: =Q53 -> 0.95 | R54: =Data_Junne!D50 -> 1 | S54: 0.0143
A55: RECY | B55: =B30 -> Ceramics and Pigments | C55: temp | D55: =D54 -> 0 | E55: =(G55-D55)/(G$50-D$50)*(E$50-D$50)+D55 -> 0.083333333 | F55: =(G55-E55)/(G$50-E$50)*(F$50-E$50)+E55 -> 0.16666667 | G55: =G54 -> 0.25 | H55: =(J55-G55)/(J$50-G$50)*(H$50-G$50)+G55 -> 0.25 | I55: =(J55-H55)/(J$50-H$50)*(I$50-H$50)+H55 -> 0.25 | J55: =J54 -> 0.25 | K55: =D55 -> 0 | L55: =E55 -> 0.083333333 | M55: =F55 -> 0.16666667 | N55: =G55 -> 0.25 | O55: =(Q55-N55)/(Q$50-N$50)*(O$50-N$50)+N55 -> 0.48333333 | P55: =(Q55-O55)/(Q$50-O$50)*(P$50-O$50)+O55 -> 0.71666667 | Q55: =Q54 -> 0.95 | R55: =Data_Junne!D51 -> 1 | S55: 0.0142
A56: RECY | B56: =B31 -> Magnets | C56: temp | D56: =D55 -> 0 | E56: =(G56-D56)/(G$50-D$50)*(E$50-D$50)+D56 -> 0.083333333 | F56: =(G56-E56)/(G$50-E$50)*(F$50-E$50)+E56 -> 0.16666667 | G56: =G55 -> 0.25 | H56: =(J56-G56)/(J$50-G$50)*(H$50-G$50)+G56 -> 0.25 | I56: =(J56-H56)/(J$50-H$50)*(I$50-H$50)+H56 -> 0.25 | J56: =J55 -> 0.25 | K56: =D56 -> 0 | L56: =E56 -> 0.083333333 | M56: =F56 -> 0.16666667 | N56: =G56 -> 0.25 | O56: =(Q56-N56)/(Q$50-N$50)*(O$50-N$50)+N56 -> 0.48333333 | P56: =(Q56-O56)/(Q$50-O$50)*(P$50-O$50)+O56 -> 0.71666667 | Q56: =Q55 -> 0.95 | R56: =Data_Junne!D52 -> 10 | S56: 0.0142
A57: RECY | B57: =B32 -> Tyre adhesives and paint dryers | C57: temp | D57: =D56 -> 0 | E57: =(G57-D57)/(G$50-D$50)*(E$50-D$50)+D57 -> 0.083333333 | F57: =(G57-E57)/(G$50-E$50)*(F$50-E$50)+E57 -> 0.16666667 | G57: =G56 -> 0.25 | H57: =(J57-G57)/(J$50-G$50)*(H$50-G$50)+G57 -> 0.25 | I57: =(J57-H57)/(J$50-H$50)*(I$50-H$50)+H57 -> 0.25 | J57: =J56 -> 0.25 | K57: =D57 -> 0 | L57: =E57 -> 0.083333333 | M57: =F57 -> 0.16666667 | N57: =G57 -> 0.25 | O57: =(Q57-N57)/(Q$50-N$50)*(O$50-N$50)+N57 -> 0.48333333 | P57: =(Q57-O57)/(Q$50-O$50)*(P$50-O$50)+O57 -> 0.71666667 | Q57: =Q56 -> 0.95 | R57: =Data_Junne!D53 -> 1 | S57: 0.0142
A58: RECY | B58: =B33 -> Others | C58: temp | D58: =D57 -> 0 | E58: =(G58-D58)/(G$50-D$50)*(E$50-D$50)+D58 -> 0.083333333 | F58: =(G58-E58)/(G$50-E$50)*(F$50-E$50)+E58 -> 0.16666667 | G58: =G57 -> 0.25 | H58: =(J58-G58)/(J$50-G$50)*(H$50-G$50)+G58 -> 0.25 | I58: =(J58-H58)/(J$50-H$50)*(I$50-H$50)+H58 -> 0.25 | J58: =J57 -> 0.25 | K58: =D58 -> 0 | L58: =E58 -> 0.083333333 | M58: =F58 -> 0.16666667 | N58: =G58 -> 0.25 | O58: =(Q58-N58)/(Q$50-N$50)*(O$50-N$50)+N58 -> 0.48333333 | P58: =(Q58-O58)/(Q$50-O$50)*(P$50-O$50)+O58 -> 0.71666667 | Q58: =Q57 -> 0.95 | R58: =Data_Junne!D54 -> 6 | S58: 0.0142
A59: RECY | B59: =B34 -> - | C59: temp
A60: RECY | B60: =B35 -> - | C60: temp
A61: RECY | B61: =B36 -> - | C61: temp
A62: RECY | B62: =B37 -> - | C62: temp
A63: RECY | B63: =B38 -> - | C63: temp
A64: RECY | B64: =B39 -> - | C64: temp
A65: RECY | B65: =B40 -> - | C65: temp
A66: RECY | B66: =B41 -> - | C66: temp
A67: RECY | B67: =B42 -> - | C67: temp
A68: RECY | B68: =B43 -> - | C68: temp
A69: RECY | B69: =B44 -> - | C69: temp
A70: RECY | B70: =B45 -> - | C70: temp
E71: Python does not read anything below this line!
C77: unit | D77: 1990 | E77: 1991 | F77: 1992 | G77: 1993 | H77: 1994 | I77: 1995 | J77: 1996 | K77: 1997 | L77: 1998 | M77: 1999 | N77: 2000 | O77: 2001 | P77: 2002 | Q77: 2003 | R77: 2004 | S77: 2005 | T77: 2006 | U77: 2007 | V77: 2008 | W77: 2009 | X77: 2010 | Y77: 2011 | Z77: 2012 | AA77: 2013 | AB77: 2014 | AC77: 2015 | AD77: 2016 | AE77: 2017 | AF77: 2018 | AG77: 2019 | AH77: 2020 | AI77: 2021 | AJ77: 2022 | AK77: 2023 | AL77: 2024 | AM77: 2025 | AN77: 2026 | AO77: 2027 | AP77: 2028 | AQ77: 2029 | AR77: 2030 | AS77: 2031 | AT77: 2032 | AU77: 2033 | AV77: 2034 | AW77: 2035 | AX77: 2036 | AY77: 2037 | AZ77: 2038 | BA77: 2039 | BB77: 2040 | BC77: 2041 | BD77: 2042 | BE77: 2043 | BF77: 2044 | BG77: 2045 | BH77: 2046 | BI77: 2047 | BJ77: 2048 | BK77: 2049 | BL77: 2050
B78: Total Production | C78: t/a | D78: =E78/(1+D82) -> 17090.504 | E78: =F78/(1+E82) -> 17586.66 | F78: =G78/(1+F82) -> 17836.212 | G78: =H78/(1+G82) -> 18151.541 | H78: =Data_Junne!C4 -> 18500 | I78: =Data_Junne!D4 -> 22100 | J78: =Data_Junne!E4 -> 27000 | K78: =Data_Junne!F4 -> 27000 | L78: =Data_Junne!G4 -> 26300 | M78: =Data_Junne!H4 -> 29900 | N78: =Data_Junne!I4 -> 33300 | O78: =Data_Junne!J4 -> 36700 | ... AF78: =Data_Junne!AA4 -> 148000
B79: Recycling Rates | C79: Factor (0 to 1) | D79: =E79 -> 0 | E79: =F79 -> 0 | F79: =G79 -> 0 | G79: =H79 -> 0 | H79: =Data_Junne!D19 -> 0 | I79: =($Y$79-$H$79)/($Y$77-$H$77)+H79 -> 0.018823529 | J79: =($Y$79-$H$79)/($Y$77-$H$77)+I79 -> 0.037647059 | K79: =($Y$79-$H$79)/($Y$77-$H$77)+J79 -> 0.056470588 | L79: =($Y$79-$H$79)/($Y$77-$H$77)+K79 -> 0.075294118 | M79: =($Y$79-$H$79)/($Y$77-$H$77)+L79 -> 0.094117647 | N79: =($Y$79-$H$79)/($Y$77-$H$77)+M79 -> 0.11294118 | O79: =($Y$79-$H$79)/($Y$77-$H$77)+N79 -> 0.13176471 | P79: =($Y$79-$H$79)/($Y$77-$H$77)+O79 -> 0.15058824 | ... X79: =($Y$79-$H$79)/($Y$77-$H$77)+W79 -> 0.30117647 | Y79: =Data_Junne!E19 -> 0.32 | Z79: =($AC$79-$Y$79)/($AC$77-$Y$77)+Y79 -> 0.34 | AA79: =($AC$79-$Y$79)/($AC$77-$Y$77)+Z79 -> 0.36 | AB79: =($AC$79-$Y$79)/($AC$77-$Y$77)+AA79 -> 0.38 | AC79: =Data_Junne!F19 -> 0.4 | AD79: =AC79 -> 0.4 | AE79: =AD79 -> 0.4 | AF79: =AE79 -> 0.4
B80: Total Demand | C80: t/a | D80: =D78/(1-D79) -> 17090.504 | E80: =E78/(1-E79) -> 17586.66 | F80: =F78/(1-F79) -> 17836.212 | G80: =G78/(1-G79) -> 18151.541 | H80: =H78/(1-H79) -> 18500 | I80: =I78/(1-I79) -> 22523.981 | J80: =J78/(1-J79) -> 28056.235 | K80: =K78/(1-K79) -> 28615.96 | ... AF80: =AF78/(1-AF79) -> 246666.67
B81: GDP | C81: $2018 | H81: =Data_Junne!H12 -> 2.7775144e+13 | I81: =Data_Junne!I12 -> 3.0871299e+13 | J81: =Data_Junne!J12 -> 3.1554612e+13 | K81: =Data_Junne!K12 -> 3.1439654e+13 | L81: =Data_Junne!L12 -> 3.1378238e+13 | M81: =Data_Junne!M12 -> 3.254267e+13 | N81: =Data_Junne!N12 -> 3.3587694e+13 | O81: =Data_Junne!O12 -> 3.3395802e+13 | ... AF81: =Data_Junne!AF12 -> 8.5909727e+13
B82: GDP Annual Growth | C82: % | D82: =Data_Junne!D13 -> 0.029031087 | E82: =Data_Junne!E13 -> 0.014189821 | F82: =Data_Junne!F13 -> 0.01767917 | G82: =Data_Junne!G13 -> 0.019197217 | H82: =Data_Junne!H13 -> 0.030093413 | I82: =Data_Junne!I13 -> 0.030198107 | J82: =Data_Junne!J13 -> 0.033850488 | K82: =Data_Junne!K13 -> 0.037021175 | ... BL82: =Data_Junne!BL13 -> 0.031964547
B83: Demand from other sectors
B84: =B3 -> Batteries | C84: % | D84: =E84 -> 0.228 | E84: =F84 -> 0.228 | F84: =G84 -> 0.228 | G84: =H84 -> 0.228 | H84: =I84 -> 0.228 | I84: =J84 -> 0.228 | J84: =K84 -> 0.228 | K84: =L84 -> 0.228 | ... S84: =T84 -> 0.228 | T84: =U84*(Lithium_Junne!T84/Lithium_Junne!U84) -> 0.228 | U84: =V84*(Lithium_Junne!U84/Lithium_Junne!V84) -> 0.24 | V84: =W84*(Lithium_Junne!V84/Lithium_Junne!W84) -> 0.3 | W84: =X84*(Lithium_Junne!W84/Lithium_Junne!X84) -> 0.276 | X84: =Y84*(Lithium_Junne!X84/Lithium_Junne!Y84) -> 0.276 | Y84: =Z84*(Lithium_Junne!Y84/Lithium_Junne!Z84) -> 0.324 | Z84: =AA84*(Lithium_Junne!Z84/Lithium_Junne!AA84) -> 0.264 | AA84: =AB84*(Lithium_Junne!AA84/Lithium_Junne!AB84) -> 0.348 | AB84: =AC84*(Lithium_Junne!AB84/Lithium_Junne!AC84) -> 0.372 | AC84: 0.42 | AD84: =AC84*(Lithium_Junne!AD84/Lithium_Junne!AC84) -> 0.468 | AE84: =AD84*(Lithium_Junne!AE84/Lithium_Junne!AD84) -> 0.552 | AF84: =AE84*(Lithium_Junne!AF84/Lithium_Junne!AE84) -> 0.666
B85: of which demand for energy applications | C85: % | D85: =E85 -> 0 | E85: =F85 -> 0 | F85: =G85 -> 0 | G85: =H85 -> 0 | H85: =I85 -> 0 | I85: =J85 -> 0 | J85: =K85 -> 0 | K85: =L85 -> 0 | ... S85: =T85 -> 0 | T85: 0 | U85: 0 | V85: 0 | W85: 0 | X85: 0 | Y85: =Z85*(Lithium_Junne!Z85/Lithium_Junne!AA85) -> 0.069573284 | Z85: =AA85*(Lithium_Junne!AA85/Lithium_Junne!AB85) -> 0.10435993 | AA85: =AB85*(Lithium_Junne!AB85/Lithium_Junne!AC85) -> 0.13914657 | AB85: =AC85*(Lithium_Junne!AC85/Lithium_Junne!AD85) -> 0.17393321 | AC85: =9/42 -> 0.21428571 | AD85: =AC85*(Lithium_Junne!AD85/Lithium_Junne!AC85) -> 0.264 | AE85: =AD85*(Lithium_Junne!AE85/Lithium_Junne!AD85) -> 0.31371429 | AF85: =AE85*(Lithium_Junne!AF85/Lithium_Junne!AE85) -> 0.36342857
B86: of which demand for non-energy applications | C86: % | D86: =E86 -> 1 | E86: =F86 -> 1 | F86: =G86 -> 1 | G86: =H86 -> 1 | H86: =I86 -> 1 | I86: =J86 -> 1 | J86: =K86 -> 1 | K86: =L86 -> 1 | ... S86: =T86 -> 1 | T86: =1-T85 -> 1 | U86: =1-U85 -> 1 | V86: =1-V85 -> 1 | W86: =1-W85 -> 1 | X86: =1-X85 -> 1 | Y86: =1-Y85 -> 0.93042672 | Z86: =1-Z85 -> 0.89564007 | AA86: =1-AA85 -> 0.86085343 | ... AF86: =1-AF85 -> 0.63657143
B87: =B4 -> Superalloys, hardfacing/HSS and other alloy | C87: % | D87: =E87 -> 0.30613793 | E87: =F87 -> 0.30613793 | F87: =G87 -> 0.30613793 | G87: =H87 -> 0.30613793 | H87: =I87 -> 0.30613793 | I87: =J87 -> 0.30613793 | J87: =K87 -> 0.30613793 | K87: =L87 -> 0.30613793 | ... S87: =T87 -> 0.30613793 | T87: =((U$84-T$84)*U87/SUM(U$87:U$93))+U87 -> 0.30613793 | U87: =((V$84-U$84)*V87/SUM(V$87:V$93))+V87 -> 0.30137931 | V87: =((W$84-V$84)*W87/SUM(W$87:W$93))+W87 -> 0.27758621 | W87: =((X$84-W$84)*X87/SUM(X$87:X$93))+X87 -> 0.28710345 | X87: =((Y$84-X$84)*Y87/SUM(Y$87:Y$93))+Y87 -> 0.28710345 | Y87: =((Z$84-Y$84)*Z87/SUM(Z$87:Z$93))+Z87 -> 0.26806897 | Z87: =((AA$84-Z$84)*AA87/SUM(AA$87:AA$93))+AA87 -> 0.29186207 | AA87: =((AB$84-AA$84)*AB87/SUM(AB$87:AB$93))+AB87 -> 0.25855172 | AB87: =((AC$84-AB$84)*AC87/SUM(AC$87:AC$93))+AC87 -> 0.24903448 | AC87: 0.23 | AD87: =((AC$84-AD$84)*AC87/SUM(AC$87:AC$93))+AC87 -> 0.21096552 | AE87: =((AD$84-AE$84)*AD87/SUM(AD$87:AD$93))+AD87 -> 0.17765517 | AF87: =((AE$84-AF$84)*AE87/SUM(AE$87:AE$93))+AE87 -> 0.13244828
B88: =B5 -> Hard materials (carbides and diamond tools) | C88: % | D88: =E88 -> 0.13310345 | E88: =F88 -> 0.13310345 | F88: =G88 -> 0.13310345 | G88: =H88 -> 0.13310345 | H88: =I88 -> 0.13310345 | I88: =J88 -> 0.13310345 | J88: =K88 -> 0.13310345 | K88: =L88 -> 0.13310345 | ... S88: =T88 -> 0.13310345 | T88: =((U$84-T$84)*U88/SUM(U$87:U$93))+U88 -> 0.13310345 | U88: =((V$84-U$84)*V88/SUM(V$87:V$93))+V88 -> 0.13103448 | V88: =((W$84-V$84)*W88/SUM(W$87:W$93))+W88 -> 0.12068966 | W88: =((X$84-W$84)*X88/SUM(X$87:X$93))+X88 -> 0.12482759 | X88: =((Y$84-X$84)*Y88/SUM(Y$87:Y$93))+Y88 -> 0.12482759 | Y88: =((Z$84-Y$84)*Z88/SUM(Z$87:Z$93))+Z88 -> 0.11655172 | Z88: =((AA$84-Z$84)*AA88/SUM(AA$87:AA$93))+AA88 -> 0.12689655 | AA88: =((AB$84-AA$84)*AB88/SUM(AB$87:AB$93))+AB88 -> 0.11241379 | AB88: =((AC$84-AB$84)*AC88/SUM(AC$87:AC$93))+AC88 -> 0.10827586 | AC88: 0.1 | AD88: =((AC$84-AD$84)*AC88/SUM(AC$87:AC$93))+AC88 -> 0.091724138 | AE88: =((AD$84-AE$84)*AD88/SUM(AD$87:AD$93))+AD88 -> 0.077241379 | AF88: =((AE$84-AF$84)*AE88/SUM(AE$87:AE$93))+AE88 -> 0.057586207
B89: =B6 -> Catalysts | C89: % | D89: =E89 -> 0.093172414 | E89: =F89 -> 0.093172414 | F89: =G89 -> 0.093172414 | G89: =H89 -> 0.093172414 | H89: =I89 -> 0.093172414 | I89: =J89 -> 0.093172414 | J89: =K89 -> 0.093172414 | K89: =L89 -> 0.093172414 | ... S89: =T89 -> 0.093172414 | T89: =((U$84-T$84)*U89/SUM(U$87:U$93))+U89 -> 0.093172414 | U89: =((V$84-U$84)*V89/SUM(V$87:V$93))+V89 -> 0.091724138 | V89: =((W$84-V$84)*W89/SUM(W$87:W$93))+W89 -> 0.084482759 | W89: =((X$84-W$84)*X89/SUM(X$87:X$93))+X89 -> 0.08737931 | X89: =((Y$84-X$84)*Y89/SUM(Y$87:Y$93))+Y89 -> 0.08737931 | Y89: =((Z$84-Y$84)*Z89/SUM(Z$87:Z$93))+Z89 -> 0.081586207 | Z89: =((AA$84-Z$84)*AA89/SUM(AA$87:AA$93))+AA89 -> 0.088827586 | AA89: =((AB$84-AA$84)*AB89/SUM(AB$87:AB$93))+AB89 -> 0.078689655 | AB89: =((AC$84-AB$84)*AC89/SUM(AC$87:AC$93))+AC89 -> 0.075793103 | AC89: 0.07 | AD89: =((AC$84-AD$84)*AC89/SUM(AC$87:AC$93))+AC89 -> 0.064206897 | AE89: =((AD$84-AE$84)*AD89/SUM(AD$87:AD$93))+AD89 -> 0.054068966 | AF89: =((AE$84-AF$84)*AE89/SUM(AE$87:AE$93))+AE89 -> 0.040310345
B90: =B7 -> Ceramics and Pigments | C90: % | D90: =E90 -> 0.066551724 | E90: =F90 -> 0.066551724 | F90: =G90 -> 0.066551724 | G90: =H90 -> 0.066551724 | H90: =I90 -> 0.066551724 | I90: =J90 -> 0.066551724 | J90: =K90 -> 0.066551724 | K90: =L90 -> 0.066551724 | ... S90: =T90 -> 0.066551724 | T90: =((U$84-T$84)*U90/SUM(U$87:U$93))+U90 -> 0.066551724 | U90: =((V$84-U$84)*V90/SUM(V$87:V$93))+V90 -> 0.065517241 | V90: =((W$84-V$84)*W90/SUM(W$87:W$93))+W90 -> 0.060344828 | W90: =((X$84-W$84)*X90/SUM(X$87:X$93))+X90 -> 0.062413793 | X90: =((Y$84-X$84)*Y90/SUM(Y$87:Y$93))+Y90 -> 0.062413793 | Y90: =((Z$84-Y$84)*Z90/SUM(Z$87:Z$93))+Z90 -> 0.058275862 | Z90: =((AA$84-Z$84)*AA90/SUM(AA$87:AA$93))+AA90 -> 0.063448276 | AA90: =((AB$84-AA$84)*AB90/SUM(AB$87:AB$93))+AB90 -> 0.056206897 | AB90: =((AC$84-AB$84)*AC90/SUM(AC$87:AC$93))+AC90 -> 0.054137931 | AC90: 0.05 | AD90: =((AC$84-AD$84)*AC90/SUM(AC$87:AC$93))+AC90 -> 0.045862069 | AE90: =((AD$84-AE$84)*AD90/SUM(AD$87:AD$93))+AD90 -> 0.03862069 | AF90: =((AE$84-AF$84)*AE90/SUM(AE$87:AE$93))+AE90 -> 0.028793103
B91: =B8 -> Magnets | C91: % | D91: =E91 -> 0.066551724 | E91: =F91 -> 0.066551724 | F91: =G91 -> 0.066551724 | G91: =H91 -> 0.066551724 | H91: =I91 -> 0.066551724 | I91: =J91 -> 0.066551724 | J91: =K91 -> 0.066551724 | K91: =L91 -> 0.066551724 | ... S91: =T91 -> 0.066551724 | T91: =((U$84-T$84)*U91/SUM(U$87:U$93))+U91 -> 0.066551724 | U91: =((V$84-U$84)*V91/SUM(V$87:V$93))+V91 -> 0.065517241 | V91: =((W$84-V$84)*W91/SUM(W$87:W$93))+W91 -> 0.060344828 | W91: =((X$84-W$84)*X91/SUM(X$87:X$93))+X91 -> 0.062413793 | X91: =((Y$84-X$84)*Y91/SUM(Y$87:Y$93))+Y91 -> 0.062413793 | Y91: =((Z$84-Y$84)*Z91/SUM(Z$87:Z$93))+Z91 -> 0.058275862 | Z91: =((AA$84-Z$84)*AA91/SUM(AA$87:AA$93))+AA91 -> 0.063448276 | AA91: =((AB$84-AA$84)*AB91/SUM(AB$87:AB$93))+AB91 -> 0.056206897 | AB91: =((AC$84-AB$84)*AC91/SUM(AC$87:AC$93))+AC91 -> 0.054137931 | AC91: 0.05 | AD91: =((AC$84-AD$84)*AC91/SUM(AC$87:AC$93))+AC91 -> 0.045862069 | AE91: =((AD$84-AE$84)*AD91/SUM(AD$87:AD$93))+AD91 -> 0.03862069 | AF91: =((AE$84-AF$84)*AE91/SUM(AE$87:AE$93))+AE91 -> 0.028793103
B92: =B9 -> Tyre adhesives and paint dryers | C92: % | D92: =E92 -> 0.053241379 | E92: =F92 -> 0.053241379 | F92: =G92 -> 0.053241379 | G92: =H92 -> 0.053241379 | H92: =I92 -> 0.053241379 | I92: =J92 -> 0.053241379 | J92: =K92 -> 0.053241379 | K92: =L92 -> 0.053241379 | ... S92: =T92 -> 0.053241379 | T92: =((U$84-T$84)*U92/SUM(U$87:U$93))+U92 -> 0.053241379 | U92: =((V$84-U$84)*V92/SUM(V$87:V$93))+V92 -> 0.052413793 | V92: =((W$84-V$84)*W92/SUM(W$87:W$93))+W92 -> 0.048275862 | W92: =((X$84-W$84)*X92/SUM(X$87:X$93))+X92 -> 0.049931034 | X92: =((Y$84-X$84)*Y92/SUM(Y$87:Y$93))+Y92 -> 0.049931034 | Y92: =((Z$84-Y$84)*Z92/SUM(Z$87:Z$93))+Z92 -> 0.04662069 | Z92: =((AA$84-Z$84)*AA92/SUM(AA$87:AA$93))+AA92 -> 0.050758621 | AA92: =((AB$84-AA$84)*AB92/SUM(AB$87:AB$93))+AB92 -> 0.044965517 | AB92: =((AC$84-AB$84)*AC92/SUM(AC$87:AC$93))+AC92 -> 0.043310345 | AC92: 0.04 | AD92: =((AC$84-AD$84)*AC92/SUM(AC$87:AC$93))+AC92 -> 0.036689655 | AE92: =((AD$84-AE$84)*AD92/SUM(AD$87:AD$93))+AD92 -> 0.030896552 | AF92: =((AE$84-AF$84)*AE92/SUM(AE$87:AE$93))+AE92 -> 0.023034483
B93: =B10 -> Others | C93: % | D93: =E93 -> 0.053241379 | E93: =F93 -> 0.053241379 | F93: =G93 -> 0.053241379 | G93: =H93 -> 0.053241379 | H93: =I93 -> 0.053241379 | I93: =J93 -> 0.053241379 | J93: =K93 -> 0.053241379 | K93: =L93 -> 0.053241379 | ... S93: =T93 -> 0.053241379 | T93: =((U$84-T$84)*U93/SUM(U$87:U$93))+U93 -> 0.053241379 | U93: =((V$84-U$84)*V93/SUM(V$87:V$93))+V93 -> 0.052413793 | V93: =((W$84-V$84)*W93/SUM(W$87:W$93))+W93 -> 0.048275862 | W93: =((X$84-W$84)*X93/SUM(X$87:X$93))+X93 -> 0.049931034 | X93: =((Y$84-X$84)*Y93/SUM(Y$87:Y$93))+Y93 -> 0.049931034 | Y93: =((Z$84-Y$84)*Z93/SUM(Z$87:Z$93))+Z93 -> 0.04662069 | Z93: =((AA$84-Z$84)*AA93/SUM(AA$87:AA$93))+AA93 -> 0.050758621 | AA93: =((AB$84-AA$84)*AB93/SUM(AB$87:AB$93))+AB93 -> 0.044965517 | AB93: =((AC$84-AB$84)*AC93/SUM(AC$87:AC$93))+AC93 -> 0.043310345 | AC93: 0.04 | AD93: =((AC$84-AD$84)*AC93/SUM(AC$87:AC$93))+AC93 -> 0.036689655 | AE93: =((AD$84-AE$84)*AD93/SUM(AD$87:AD$93))+AD93 -> 0.030896552 | AF93: =((AE$84-AF$84)*AE93/SUM(AE$87:AE$93))+AE93 -> 0.023034483
B94: Demand from other sectors
B95: Growth rates HI (from 2015)
B96: =B84 -> Batteries | C96: % | AD96: 0.05 | AE96: =AD96 -> 0.05 | AF96: =AE96 -> 0.05 | AG96: =AF96 -> 0.05 | AH96: =AG96 -> 0.05 | AI96: =AH96 -> 0.05 | AJ96: =AI96 -> 0.05 | AK96: =AJ96 -> 0.05 | AL96: =AK96 -> 0.05 | ... AR96: =AQ96 -> 0.05
B97: =B87 -> Superalloys, hardfacing/HSS and other alloy | C97: % | AD97: 0.034 | AE97: =AD97 -> 0.034 | AF97: =AE97 -> 0.034 | AG97: =AF97 -> 0.034 | AH97: =AG97 -> 0.034 | AI97: =AH97 -> 0.034 | AJ97: =AI97 -> 0.034 | AK97: =AJ97 -> 0.034 | AL97: =AK97 -> 0.034 | ... AR97: =AQ97 -> 0.034
B98: =B88 -> Hard materials (carbides and diamond tools) | C98: % | AD98: 0.0264 | AE98: =AD98 -> 0.0264 | AF98: =AE98 -> 0.0264 | AG98: =AF98 -> 0.0264 | AH98: =AG98 -> 0.0264 | AI98: =AH98 -> 0.0264 | AJ98: =AI98 -> 0.0264 | AK98: =AJ98 -> 0.0264 | AL98: =AK98 -> 0.0264 | ... AR98: =AQ98 -> 0.0264
B99: =B89 -> Catalysts | C99: % | AD99: -0.002 | AE99: =AD99 -> -0.002 | AF99: =AE99 -> -0.002 | AG99: =AF99 -> -0.002 | AH99: =AG99 -> -0.002 | AI99: =AH99 -> -0.002 | AJ99: =AI99 -> -0.002 | AK99: =AJ99 -> -0.002 | AL99: =AK99 -> -0.002 | ... AR99: =AQ99 -> -0.002
B100: =B90 -> Ceramics and Pigments | C100: % | AD100: -0.0079 | AE100: =AD100 -> -0.0079 | AF100: =AE100 -> -0.0079 | AG100: =AF100 -> -0.0079 | AH100: =AG100 -> -0.0079 | AI100: =AH100 -> -0.0079 | AJ100: =AI100 -> -0.0079 | AK100: =AJ100 -> -0.0079 | AL100: =AK100 -> -0.0079 | ... AR100: =AQ100 -> -0.0079
B101: =B91 -> Magnets | C101: % | AD101: -0.0227 | AE101: =AD101 -> -0.0227 | AF101: =AE101 -> -0.0227 | AG101: =AF101 -> -0.0227 | AH101: =AG101 -> -0.0227 | AI101: =AH101 -> -0.0227 | AJ101: =AI101 -> -0.0227 | AK101: =AJ101 -> -0.0227 | AL101: =AK101 -> -0.0227 | ... AR101: =AQ101 -> -0.0227
B102: =B92 -> Tyre adhesives and paint dryers | C102: % | AD102: -0.0144 | AE102: =AD102 -> -0.0144 | AF102: =AE102 -> -0.0144 | AG102: =AF102 -> -0.0144 | AH102: =AG102 -> -0.0144 | AI102: =AH102 -> -0.0144 | AJ102: =AI102 -> -0.0144 | AK102: =AJ102 -> -0.0144 | AL102: =AK102 -> -0.0144 | ... AR102: =AQ102 -> -0.0144
B103: =B93 -> Others | C103: % | AD103: -0.0144 | AE103: =AD103 -> -0.0144 | AF103: =AE103 -> -0.0144 | AG103: =AF103 -> -0.0144 | AH103: =AG103 -> -0.0144 | AI103: =AH103 -> -0.0144 | AJ103: =AI103 -> -0.0144 | AK103: =AJ103 -> -0.0144 | AL103: =AK103 -> -0.0144 | ... AR103: =AQ103 -> -0.0144
B104: HI
